label,artist,album,genre,single_count,freq_billboard,freq_genius,freq_theSource,freq_xxl,rating_AOTY,rating_meta,rating_pitch,twitter,instagram,facebook,spotify,soundcloud,youtube
0,Flash Bang Grenada,10 Haters,hiphop,0,0,0,0,0,,,,0,0,0,346,0,0
0,Aggro Santos,AggroSantos.com,hiphop,3,0,0,0,0,,,,63771,27415,596562,4675,585,7975
0,AKA,Altar Ego,hiphop,4,0,0,1,2,,,,38958,0,0,22298,0,3643764
0,Shlohmo,Bad Vibes,hiphop,0,0,0,0,67,,,7.8,91790,59340,209063,141268,283539,0
0,Glasses Malone,Beach Cruiser,hiphop,4,0,0,0,4,,,,68417,48745,93741,16402,0,0
1,Shabazz Palaces,Black Up,hiphop,0,0,0,2,7,,83,8.8,8300,0,43263,62059,5127,0
1,Mac Miller,Blue Slide Park,hiphop,4,0,0,17,5,,58,1,8855106,3496926,5150905,2195232,403301,1361942
0,Phonte,Charity Starts at Home,hiphop,0,0,0,3,4,,89,,131790,0,50634,29514,1,0
1,J. Cole,Cole World: The Sideline Story,hiphop,3,1,0,9,262,,75,6.1,10754376,3023760,5436487,4992271,1959171,2309374
0,Cities Aviv,Digital Lows,hiphop,0,0,0,0,0,,,7.5,6742,3172,11797,7127,7120,0
1,Pac Div,The DiV,hiphop,0,0,0,200,11,,,,22145,5673,54102,30476,17211,0
0,B.G. Knocc Out,Eazy-E's Protege,hiphop,1,0,0,0,0,,,,20347,0,33366,4474,551,0
1,AraabMuzik,Electronic Dream,hiphop,0,0,0,0,4,,80,8.2,102133,180603,171484,45660,134450,22292
0,Emika,Emika,hiphop,5,0,0,1,0,,78,7.4,5593,0,46274,23494,20722,10229
1,Big Sean,Finally Famous,hiphop,3,4,0,31,154,,69,6.1,14882725,10154422,6996975,3928708,9501002,2859462
1,Jay Rock,Follow Me Home,hiphop,2,3,0,61,86,,73,,579041,316614,440429,251787,6311,0
1,Torae,For the Record,hiphop,2,0,0,12,5112,,,,46742,43118,29421,8556,3621,6474
0,Dom Kennedy,From the Westside with Love II,hiphop,0,0,0,3,28,,,,431742,345196,198970,176886,91896,77999
0,DELS,GOB,hiphop,4,0,0,1,0,,,,4658,0,581,3922,0,2202
0,Saigon,The Greatest Story Never Told,hiphop,4,0,0,5,286,,89,,59061,0,34752,20007,0,0
1,Clams Casino,Instrumentals,hiphop,0,0,0,1,29,,,,78572,30016,124734,91189,149011,28002
0,Cali Swag District,The Kickback,hiphop,3,0,0,0,5,,67,,75540,986,0,58036,0,8818
1,Ab-Soul,Longterm Mentality,hiphop,0,0,0,1,10,,,,1023418,516523,512839,381059,1460700,0
0,Mann,Mann's World,hiphop,3,0,0,4,15,,,,351791,0,27229,17864,0,0
0,David Carreira,n. 1 (N‰Ûª‰Û÷‰Ûªå¢‰ÛªÌàÌ__ 1),hiphop,1,0,0,0,7,,,,253346,469998,1016706,49699,0,212844
0,Mindless Behavior,#1 Girl,hiphop,4,1,0,10,222,,,,568,57630,86,145679,0,643505
1,The Internet,Purple Naked Ladies,hiphop,4,0,0,6,2,,55,6,285338,0,207242,393164,177025,643473
1,Yelawolf,Radioactive,hiphop,2,0,0,10,67,,62,6.5,558423,744953,2155380,706509,25072,981924
1,Smoke DZA,Rolling Stoned,hiphop,0,0,0,1,5,,,,157222,147326,207900,78987,55449,8104
0,Mr. Envi',Rydaz Redemption,hiphop,0,0,0,0,0,,,,0,0,0,387,0,0
1,Kendrick Lamar,Section.80,hiphop,1,1,0,10,49,,80,8,10641307,9521393,8853463,8713483,410014,5924221
1,ScHoolboy Q,Setbacks,hiphop,0,0,0,8,511,,,,2439450,1981289,2423217,1720232,272671,1077545
0,X-Pistols,Shoot To Kill,hiphop,0,0,0,0,9,,,,0,0,0,0,0,0
0,Rizzle Kicks,Stereo Typical,hiphop,24,0,0,0,0,,70,,1376688,221526,1059478,248740,278118,180922
0,Cher Lloyd,Sticks and Stones,hiphop,4,0,0,0,0,,,,7650000,2147329,7098067,1354395,57314,2837257
0,Fly Union,TGTC (The Greater Than Club),hiphop,4,0,0,0,2,,,,11409,0,0,7266,5943,10072
1,Theophilus London,Timez Are Weird These Days,hiphop,1,0,0,1,9,,61,,123953,186265,140104,78812,10299,19519
1,Snow Tha Product,Unorthodox,hiphop,0,0,0,2,33,,,,146765,709499,2576001,132438,74697,485609
0,Max B,Vigilante Season,hiphop,0,0,0,1,16,,,7.7,72931,0,0,57176,0,760
1,Verbal,Visionair,hiphop,3,0,0,0,85,,,,0,0,0,425,0,0
0,SNO (Lil Wyte JellyRoll BPZ),Year Round,hiphop,4,0,0,0,0,,,,0,0,0,0,0,0
0,Koncept,Awaken,hiphop,0,0,0,0,52,,,,16241,24617,4802,1106,2074,1899
0,THEESatisfaction,awE naturalE,hiphop,0,0,0,0,0,,75,7.5,7244,4845,4119,12432,5093,0
0,Cover Drive,Bajan Style,hiphop,4,0,0,0,5,,,,114815,19025,154150,61563,0,32240
1,2 Chainz,Based on a T.R.U. Story,hiphop,3,0,1,30,195,,55,4.5,4213051,4566472,6145306,2647895,187250,2640612
0,DeStorm Power hosted by DJ Whoo Kid,Be Careful,hiphop,5,0,0,0,3,,,,313279,4369687,3824798,19513,29053,555342
0,Gary Clark Jr.,Blak and Blu,hiphop,2,0,0,4,16,,74,,113379,231253,424011,394820,886877,140031
0,Main Attrakionz,Bossalinis & Fooliyones,hiphop,0,0,0,0,1,,71,7.1,330,0,9854,5462,2959,0
1,Chiddy Bang,Breakfast,hiphop,2,0,0,8,11,,67,,69827,0,627240,311450,15272,34257
0,The Gaslamp Killer,Breakthrough,hiphop,0,0,0,0,9,,66,7.7,60918,57347,114801,51921,35613,0
0,Kalenna Harper,Chamber of Diaries,hiphop,3,0,0,0,0,,,,57916,429841,46869,4503,3965,0
1,Meek Mill,Dreams and Nightmares,hiphop,4,2,0,56,175,,69,7.4,6903420,12863795,6501171,1737368,329321,2250496
0,Toya Delazy,Due Drop,hiphop,5,0,0,0,0,,,,133529,0,459722,1012,0,0
0,Labrinth,Electronic Earth,hiphop,6,0,0,0,0,,55,,1036043,222993,987025,570448,94603,770629
0,The Hood Internet,FEAT,hiphop,0,0,0,49,173,,,3,16525,0,38121,10128,103158,17604
0,Tulisa,The Female Boss,hiphop,3,0,0,0,31,,35,,3523457,487509,726932,79985,0,0
1,Chief Keef,Finally Rich,hiphop,3,0,0,13,96,,62,7.5,1246905,4559375,0,1041191,287881,169815
0,Travis Porter,From Day 1,hiphop,4,0,0,33,54,,,,488836,65293,2289344,399375,6914,230794
0,Delilah,From the Roots Up,hiphop,5,0,0,0,302,,,,0,611643,1622303,40083,0,55998
0,Rye Rye,Go! Pop! Bang!,hiphop,3,0,0,0,0,,70,7,39555,0,96532,20276,0,1765
0,Loreen,Heal,hiphop,5,0,0,0,56,,,,18608,24415,594030,157607,0,50578
1,Macklemore & Ryan Lewis,The Heist,hiphop,5,1,6,200,182,,,,2763553,4239705,6339971,2088782,2674976,6108595
0,Hiphop Tamizha,Hip Hop Tamizhan,hiphop,0,0,0,0,0,,,,655941,1491212,2794530,13756,0,641349
1,Rapsody,The Idea of Beautiful,hiphop,0,0,0,1,71,,,,37,151194,88576,57098,8503,35992
0,JJ Doom,Key to the Kuffs,hiphop,0,0,0,0,10,,,,6111,0,0,26041,0,255
1,Machine Gun Kelly,Lace Up,hiphop,3,0,0,13,81,,,,1127276,3247918,4956129,1035892,155617,3690308
1,Big K.R.I.T.,Live from the Underground,hiphop,4,0,0,30,899,,78,,771284,524329,957568,281620,8126644,97662
0,Envy,The Magic Soup and the Bittersweet Faces,hiphop,1,0,0,0,0,,,,787550,0,231512,1667,0,0
0,Riz MC,Microscope,hiphop,1,0,0,0,31,,74,,175946,309053,65190,5829,11347,3758
0,Lil Ugly Mane,Mista Thug Isolation,hiphop,0,0,0,0,6,,,8.2,0,0,36015,16329,36139,10288
0,Froggy Fresh,Money Maker (Reloaded),hiphop,0,0,0,0,0,,,,53211,19839,242772,21010,2390,604019
1,Death Grips,The Money Store,hiphop,1,1,0,5,7,,81,8.7,0,0,0,0,117223,198279
0,Davido,Omo Baba Olowo,hiphop,7,0,0,0,0,,,,3660345,6361937,3838277,85232,15126,450061
0,Kool A.D.,The Palm Wine Drinkard,hiphop,0,0,0,0,0,,,,33299,13278,6572,12195,918,5602
1,Future,Pluto,hiphop,5,0,0,31,3367,,68,7.8,5147749,12230982,7344582,6186866,9710262,4776208
0,JK Flesh,Posthuman,hiphop,0,0,0,0,0,,,7.6,0,0,29334,2851,2771,0
0,Jeremiah Jae,Raw Money Raps,hiphop,1,0,0,0,0,,79,6.8,10298,0,16202,8884,21081,3305
0,Beautiful Eulogy,Satellite Kite,hiphop,0,0,0,0,0,,,,22054,21944,33663,35500,621,60444
0,Kreayshawn,Somethin' 'Bout Kreay,hiphop,3,0,0,1,0,,42,,627248,306166,549862,101195,19882,263709
0,Dan Le Sac,Space Between the Words,hiphop,3,0,0,3,1,,,,33124,0,19887,7021,5092,2517
0,The Original Rudeboys,This Life,hiphop,4,0,0,0,304,,,,43429,0,70953,7486,493,23004
1,Diggy Simmons,Unexpected Arrival,hiphop,5,0,0,5,2,,,,1727959,1465267,2864166,3822,18688,168895
1,Kid Ink,Up & Away,hiphop,6,0,0,200,1691,,,,1139364,2961015,6656006,1636896,327367,501936
0,Swoope,Wake Up,hiphop,0,0,0,0,434,,,,46277,0,54577,25498,2795,214264
1,Terrace Martin,3ChordFold,hiphop,1,0,0,3,75,,,,48715,85757,10489,26253,13585,0
1,King Krule,6 Feet Beneath the Moon,hiphop,0,0,0,0,1,,77,7.3,13527,23814,244667,292780,64564,110900
0,Def Dee,33 and a Third,hiphop,0,0,0,27,79,,,,0,0,0,248,0,0
0,Durag Dynasty,360 Waves,hiphop,0,0,0,0,0,,,,0,0,0,857,0,0
0,Crooked I,Apex Predator,hiphop,1,0,0,4,0,,,,0,0,0,0,0,0
0,Alex Faith,ATLast,hiphop,0,0,0,0,2,,,,25382,21310,15179,11840,0,231
0,Bo Bruce,Before I Sleep,hiphop,3,0,0,5,1,,,,57564,4586,47852,6093,2698,4106
0,Feed Me,Calamari Tuesday,hiphop,2,0,0,0,2,,,,237272,115013,600431,248263,309367,157452
0,Capital Kings,Capital Kings,hiphop,2,0,0,19,4,,,,44868,123587,169463,120307,14148,200750
0,Angel Haze,Dirty Gold,hiphop,2,0,0,11,5,,66,5.9,148465,108224,277433,106136,18,87859
1,Earl Sweatshirt,Doris,hiphop,3,0,0,17,198,,82,8.3,2177532,639039,862708,636012,154516,169798
0,Friendzone,DX,hiphop,0,0,0,1,10,,,,0,0,0,592,0,0
1,Freddie Gibbs,ESGN,hiphop,1,0,0,9,231,,,6.9,184528,226663,167678,188608,332009,97447
1,French Montana,Excuse My French,hiphop,3,0,1,46,316,,54,3.5,2966057,8044922,4292128,1499640,64646,2472165
1,HBK Gang,Gang Forever,hiphop,0,0,0,1,44,,,,19596,83,17582,6069,97986,184733
0,Dre Murray,Gold Rush: Maybe One Day,hiphop,0,0,0,0,4,,,,23679,20319,13878,7577,2455,0
0,No Malice,Hear Ye Him,hiphop,0,0,0,16,26,,,,45663,51127,52712,3726,4250,3799
0,The Uncluded,Hokey Fright,hiphop,0,0,0,0,0,,79,,3114,0,18233,12947,0,0
0,Naughty Boy,Hotel Cabana,hiphop,5,0,0,1,0,,,,236414,22899,438703,194882,5710790,12523
0,Letherette,Letherette,hiphop,0,0,0,0,0,,64,,3254,1747,15093,19938,20428,0
0,Rittz,The Life and Times of Jonny Valiant,hiphop,1,0,0,5,8,,,,123938,271418,566514,207945,33324,173348
1,Lizzo,Lizzobangers,hiphop,0,0,0,0,9,,85,,45821,161480,53721,74087,7022,53568
0,Stooshe,London with the Lights On,hiphop,32,0,0,0,1153,,60,,177377,0,202174,77814,3357,41617
1,ASAP Rocky,Long. Live. ASAP,hiphop,4,0,0,6,35,,,,2262355,7389331,6008110,3567813,3152194,2179201
1,MellowHigh,MellowHigh,hiphop,2,0,0,5,5,,65,6.8,677,0,7281,32938,0,0
0,Boldy James,My 1st Chemistry Set,hiphop,2,0,0,2,12,,,7.4,11387,14076,4796,4003,3453,0
0,Jarren Benton,My Grandma's Basement,hiphop,1,0,0,0,2,,,,94312,162220,251115,81714,16458,53268
1,Pusha T,My Name Is My Name,hiphop,5,1,0,137,2382,,81,8,1443846,1233010,1472061,698910,8217770,82236
1,Papoose,The Nacirema Dream,hiphop,3,0,0,4,15,,70,,163115,1073408,151795,87246,2639,0
0,Troy Ave,New York City: The Album,hiphop,0,0,0,5,1012,,,,79228,553694,0,90310,55842,116079
1,Denzel Curry,Nostalgic 64,hiphop,0,0,0,2,16,,,,213190,499222,190606,432839,337978,285520
0,Jenni Pulos,Old School Kids Beats,hiphop,0,0,0,0,30,,,,0,0,0,0,0,0
0,Casseurs Flowters,Orelsan et Gringe sont les Casseurs Flowters,hiphop,1,0,0,0,0,,,,0,0,375502,164857,0,492341
0,Mike Stud,Relief,hiphop,0,0,0,3,7,,,,253295,215792,95844,210797,141016,264874
0,Wallpaper.,Ricky Reed Is Real,hiphop,2,0,0,0,1,,,,1093,348,0,28594,7444,0
0,Shehyee,Shehyee,hiphop,0,0,0,0,0,,,,66314,46534,815435,22461,0,11067
0,Starbomb,Starbomb,hiphop,21,0,0,0,0,,,,302259,0,67250,123351,0,2741525
0,Yancey Boys,Sunset Blvd.,hiphop,1,0,0,1,0,,,7.3,0,0,3309,2827,0,0
1,ASAP Ferg,Trap Lord,hiphop,3,0,0,38,63,,,,832039,2347804,2165006,1221045,1140838,887825
0,Mr Probz,The Treatment,hiphop,3,0,0,0,22,,,,133267,119828,404960,239443,54268,673021
1,Jon Connor,Unconscious State,hiphop,0,0,0,5,5,,,,57045,30634,44949,15401,11061,16608
0,How to Destroy Angels,Welcome oblivion,hiphop,1,0,0,0,3,,,,50762,21765,170756,52527,51537,0
0,W.L.A.K.,W.L.A.K.,hiphop,0,0,0,1,0,,,,0,0,21,7025,0,0
1,DJ Mustard,10 Summers,hiphop,1,2,0,15,94,,74,7.7,377345,698,446186,272239,160875,200390
0,Eduardo,A Fantastica Fabrica de Cadaver,hiphop,0,0,0,0,0,,,,0,0,0,0,0,0
0,Joke,Ateyaba,hiphop,7,0,0,0,276,,,,10977,0,0,69162,0,0
0,Sir Michael Rocks,Banco,hiphop,1,0,0,9,32,,,,81207,53179,40814,26435,42959,27811
1,The Underachievers,Cellar Door: Terminus ut Exordium,hiphop,0,0,0,1,8,,,,130706,129395,172240,198305,129349,271112
0,Chris Webby,Chemically Imbalanced,hiphop,5,0,0,0,1,,,,144443,116449,296140,146857,6349,187392
0,Clipping,CLPPNG,hiphop,0,0,0,0,1,,73,,27327,0,35297,54624,18533,8666
0,Chuck Inglish,Convertibles,hiphop,3,0,0,10,63,,68,6,90014,44380,21164,22366,21163,12166
1,Cozz,Cozz & Effect,hiphop,4,0,2,25,78,,,,52827,76729,30313,47895,20495,46539
1,Young Fathers,Dead,hiphop,0,4,0,12,220,,83,,82594,20893,75601,81649,22728,27650
0,Charisma.com,Distopping,hiphop,3,0,0,0,0,,,,21534,9459,14137,8960,0,27511
0,Broods,Evergreen,hiphop,3,0,0,0,4,,,,56757,86282,234659,325048,67881,189195
1,Kate Tempest,Everybody Down,hiphop,0,0,0,0,1,,77,,54956,15775,104843,62282,11519,11291
0,Damon Albarn,Everyday Robots,hiphop,5,0,0,0,0,,76,7,248142,291104,400322,162586,93646,69315
0,TV Girl,French Exit,hiphop,1,0,0,0,6,,,,5972,0,21182,38789,11367,0
1,Banks,Goddess,hiphop,4,0,0,2,525,,74,5,485957,475502,470098,660810,1019283,356483
0,Got a Girl,I Love You but I Must Drive Off This Cliff Now,hiphop,2,0,0,0,123,,,,3413,2454,4772,4300,0,1214
1,Bas,Last Winter,hiphop,0,0,0,82,218,,,,106812,0,83725,93671,92729,111702
0,Cash Out,Let's Get It,hiphop,3,5,0,33,525,,,,39157,0,0,7436,48134,0
0,K.Flay,Life As A Dog,hiphop,0,0,0,0,91,,,,58365,83095,121292,170027,1715637,180612
0,Gesu no Kiwami Otome,Miryoku ga Sugoi yo,hiphop,3,0,0,0,0,,,,0,0,0,70927,0,0
1,MKTO,MKTO,hiphop,5,0,0,0,0,,,,217584,94346,503619,514205,32126,27246
1,Kevin Abstract,MTV1987,hiphop,2,0,0,0,42,,,,325598,4155,13876,130986,39993,0
1,YG,My Krazy Life,hiphop,4,1,0,66,146,,,8.1,3043658,3747352,3800528,1089625,134193,2186588
1,Iggy Azalea,The New Classic,hiphop,5,1,0,62,301,,,,8098586,11335718,7520680,2935837,1170659,5297246
0,Tiny Doo,No Safety,hiphop,0,0,0,1,5,,,,0,0,0,384,0,0
1,Stalley,Ohio,hiphop,3,0,0,30,444,,79,,217551,296379,204323,71625,26302,0
0,PE 2.0,People Get Ready,hiphop,0,0,0,10,1,,,,0,0,0,0,0,0
0,Ghetts,Rebel With a Cause,hiphop,4,0,0,0,8,,,,704,147890,123269,52213,3675,25062
1,Sage the Gemini,Remember Me,hiphop,5,0,0,10,26,,69,7.5,272622,620888,1060664,486979,36279,1052731
0,Shtar Academy,Shtar Academy,hiphop,1,0,0,0,0,,,,0,0,10129,1207,0,0
1,Iamsu!,Sincerely Yours,hiphop,2,0,0,5,20,,,6,145865,282471,506583,147282,73607,0
0,Sisyphus,Sisyphus,hiphop,1,0,0,0,0,,64,6.2,1597,111,7016,10300,5376,717
0,Ratking,So It Goes,hiphop,4,0,0,8,723,,78,7.5,21017,0,32022,22087,0,5598
0,Manny Phesto,Southside Looking In,hiphop,0,0,0,0,0,,,,0,0,0,610,0,0
1,August Alsina,Testimony,hiphop,6,0,0,25,212,,79,,1061949,6069399,2922813,1186724,1036872,1741929
0,Cassper Nyovest,Tsholofelo,hiphop,3,0,0,0,7,,,,1743528,1906726,2454029,21373,18765,37230
1,Logic,Under Pressure,hiphop,2,1,0,19,133,,72,,2410726,4634332,41307,2281763,396565,1163718
0,DJ DX,The Unfortunate Child,hiphop,0,0,0,0,2,,,,227694,31577,31597,2215,229,5828
1,Yung Lean,Unknown Memory,hiphop,0,0,0,0,3,,,3.6,196749,656885,351274,273034,321163,557798
1,Anderson .Paak,Venice,hiphop,2,0,0,1,379,,,,323980,535843,277805,601921,200361,161381
1,Teyana Taylor,VII,hiphop,3,0,0,17,97,,77,,1198615,6367067,1879766,240644,7109,107892
1,BTS,Wake Up,hiphop,3,0,0,2,453,,,,14391241,9790746,6373148,4171884,899045,7756558
1,Awkwafina,Yellow Ranger,hiphop,0,0,0,0,0,,,,40567,107924,48918,20696,11974,53899
0,Fifi Cooper,20FIFI,hiphop,0,0,0,0,0,,,,0,0,0,474,0,0
1,Raury,All We Need,hiphop,0,0,0,6,1199,,65,6.8,298303,0,0,123524,100176,75525
0,Boots,Aquaria,hiphop,0,0,0,0,115,,68,,111904,0,0,11551,109140,362056
1,Joey Badass,B4.Da.$$,hiphop,8,0,0,11,69,,,,904739,1499433,799211,936734,110747,1012
0,Kriswontwo,Ceremoni,hiphop,0,0,0,1,0,,,,9953,22789,0,173,9301,856
0,Dreamteam,Dreams Never Die,hiphop,4,0,0,0,13,,,,0,0,0,34,0,0
0,Heems,Eat Pray Thug,hiphop,0,0,0,0,2,,76,6.3,40240,16724,8406,12324,4374,309
0,Omen,Elephant Eyes,hiphop,1,0,0,3,10,,,,47176,0,37898,2786,9458,1438
0,Riky Rick,Family Values,hiphop,4,0,0,0,1,,,,803763,1066943,1086143,9582,0,9257
0,Markis Precise,The Feeling of Flying,hiphop,1,0,0,0,26,,,,0,0,0,216,0,0
1,Fetty Wap,Fetty Wap,hiphop,4,1,0,198,657,,68,7.6,793610,5609132,1143188,2994351,554609,2752534
0,Nekfeu,Feu,hiphop,4,0,0,0,0,,,,1404723,1243761,1004636,535479,49425,1117145
1,Ty Dolla Sign,Free TC,hiphop,4,0,0,95,86,,,,1424211,3704558,2930958,1684644,357209,2029576
1,King Los,"God, Money, War",hiphop,4,0,0,92,12,,,,266309,211726,144600,41987,30417,92623
1,Kirk Knight,Late Knight Special,hiphop,2,0,0,12,40,,,6.4,92593,144621,32145,48554,25203,0
0,Wiki,Lil Me,hiphop,3,0,0,20,2226,,,7.6,16673,0,0,9276,0,0
1,Casey Veggies,Live & Grow,hiphop,2,0,0,49,144,,,5.7,329962,186664,144073,160446,85094,27896
0,Injury Reserve,Live From the Dentist Office,hiphop,0,0,0,2,4,,,,17298,17816,11022,47275,13084,19652
0,Gunplay,Living Legend,hiphop,4,0,0,5,119,,68,6.5,177094,262964,175627,49328,3128,29544
0,Mod Sun,Look Up,hiphop,0,0,0,184,42,,,,677855,400993,0,74674,65168,107787
0,Red Pill,Look What This World Did To Us,hiphop,1,0,0,38,155,,,,5244,0,26967,8,0,189948
0,Fleur East,"Love, Sax and Flashbacks",hiphop,2,0,0,0,0,,,,248782,434452,297996,131955,0,5039
0,NF,Mansion,hiphop,3,0,0,70,342,,,,261575,701278,385437,888913,107089,1698825
0,Empress Of,Me,hiphop,4,0,0,13,9712,,82,8.2,19620,21018,25610,34372,14995,7608
0,Kat Dahlia,My Garden,hiphop,3,0,0,0,1,,63,,132818,80540,160749,205739,39163,449632
0,Ivy Levan,No Good,hiphop,6,0,0,1,3,,,,24949,74333,67186,18613,2826,58805
0,K Camp,Only Way Is Up,hiphop,3,11,0,200,1784,,,,42,803349,913239,712838,244006,203330
0,Raz Fresco,Pablo Frescobar,hiphop,6,0,0,1,2,,,,8474,6891,5764,1435,4803,8941
1,Lil Dicky,Professional Rapper,hiphop,4,0,0,0,130,,,,465124,1436233,769126,801312,288165,2870231
1,Lil Durk,Remember My Name,hiphop,1,0,0,11,151,,61,5.6,2791489,8873,1419019,635622,54802,11795
1,Travis Scott,Rodeo,hiphop,2,0,2,38,836,,64,6,3445733,8939947,0,2592809,1247249,1990148
0,Bodega Bamz,Sidewalk Exec,hiphop,0,0,0,5,25,,,,38449,54810,18946,25970,29847,20314
0,K.O,Skhanda Republic,hiphop,5,0,0,1,0,,,,1130799,166951,176916,4225,0,203901
0,Drique London,The Manual,hiphop,0,0,0,0,0,,,,0,0,0,12,0,0
1,Rae Sremmurd,SremmLife,hiphop,5,4,3,39,546,,78,7.8,679723,0,3025528,3084033,497189,6212890
1,Vince Staples,Summertime '06,hiphop,3,0,0,13,54,,87,8.8,897189,553297,167568,562618,82622,244333
1,Donnie Trumpet & The Social Experiment,Surf,hiphop,3,0,0,26,102,,86,,0,0,0,81670,38,0
1,Bryson Tiller,Trapsoul,hiphop,3,0,0,12,239,,,,2326842,5026544,1377077,2397676,903358,1620705
0,Chinx,Welcome to JFK,hiphop,1,0,0,1,24,,75,7.3,135800,301320,189175,100748,0,87068
0,Rock City,What Dreams Are Made Of,hiphop,2,6,0,23,614,,,,0,0,0,492,0,0
1,Robb Banks,Year of the Savage,hiphop,2,0,0,0,618,,,,96959,117119,0,1106,142439,33871
1,Migos,Yung Rich Nation,hiphop,2,0,0,3,44,,67,7,2187675,7015467,2490511,5148896,972338,5443605
1,Flatbush Zombies,3001: A Laced Odyssey,hiphop,2,0,0,5,36,,80,7.2,298093,403004,547515,447460,559821,587427
1,Baauer,Aa,hiphop,3,0,0,19,80,,76,7.3,339312,107550,2025,117017,987414,25225
1,Brockhampton,All-American Trash,hiphop,0,0,0,0,9,,,,257665,445507,80464,351839,39802,302009
0,SCH,Anarchie,hiphop,5,0,0,0,0,,,,1733,733,1035412,341255,0,1349053
0,Banks & Steelz,Anything But Words,hiphop,6,0,28,200,487,,,4.4,5086,5500,14851,19583,1385,9719
0,Anatii,ARTIIFACT,hiphop,6,0,0,0,0,,,,705358,175194,201930,7131,5050,12676
0,CupcakKe,Audacious,hiphop,4,0,0,0,16,,,,332586,410494,26073,147595,21175,366433
0,Nasty C,Bad Hair,hiphop,1,0,0,5,5,,,,756057,1242079,538359,5722,25881,21109
1,Bankroll Mafia,Bankroll Mafia,hiphop,2,0,0,1,23,,,,452,0,0,95323,0,0
1,DRAM,Big Baby DRAM,hiphop,4,0,1,65,17,,,,123443,266891,147649,585251,167877,899854
0,Jared Evan,The Blanket Truth,hiphop,4,0,0,0,0,,,,38037,30230,30064,7204,8736,12596
0,Chad,The Book of Chad,hiphop,4,0,1,34,61,,,,0,0,0,0,0,0
0,Swet Shop Boys,Cashmere,hiphop,0,0,0,0,17,,80,7.4,9500,2,9000,15564,1949,4665
0,Moor Mother,Fetish Bones,hiphop,0,0,0,0,0,,,8.2,4410,0,8436,3711,3378,0
0,Westside Gunn,Flygod,hiphop,3,0,0,2,80,,,,19670,55515,11080,13636,14455,0
0,Grace,FMA,hiphop,3,0,0,10,196,,,,311548,2659619,1039213,715514,19453,2653554
1,6lack,Free 6lack,hiphop,2,0,1,6,99,,,,456200,839246,303208,805720,266100,463168
0,Rebstar,Girls Like Nicole,hiphop,0,0,0,0,2,,,,0,0,0,539,0,0
1,Mick Jenkins,The Healing Component,hiphop,2,0,0,2,18,,79,7.6,227181,191872,0,192267,0,94957
0,Jon Bellion,The Human Condition,hiphop,2,0,0,0,1,,,,1495381,576097,210693,635733,193740,259232
1,Tory Lanez,I Told You,hiphop,2,3,0,17,185,,,6.3,1378606,2516709,733872,1259192,583770,1470537
1,Kevin Gates,Islah,hiphop,4,0,0,4,438,,81,8.5,4633,5776786,7623899,1560315,470028,3507298
1,Young Dolph,King of Memphis,hiphop,1,0,0,8,138,,70,,511706,2729146,350827,590515,76476,332353
1,Dame D.O.L.L.A.,The Letter O,hiphop,0,0,0,1,5,,,,0,0,0,49703,63843,0
0,Dareysteel,Man of the Year,hiphop,0,0,0,0,1809,,,,110,0,0,41,399,0
0,MHD,MHD,hiphop,3,0,0,10,3,,,,122416,0,0,528700,0,2243504
0,Mykki Blanco,Mykki,hiphop,3,0,0,3,1,,77,7.7,39908,64049,84094,32999,30163,16714
0,Seth & Nirva,Never Alone,hiphop,0,0,59,166,64,,,,2034,8417,10280,3114,0,591
0,Young Check'a,Never Seen,hiphop,2,2,0,0,181,,,,0,0,0,0,0,0
0,Elliott Power,Once Smitten,hiphop,4,0,0,0,5,,,,704,3165,167,1266,1067,439
0,A-Reece,Paradise,hiphop,5,0,0,0,244,,,,497644,200853,92401,5288,0,0
1,Redfoo,Party Rock Mansion,hiphop,3,0,0,0,7,,,,1002856,603729,3796874,276676,89617,2260887
0,CDQ,Quality,hiphop,6,0,0,5,691,,,,0,909796,1686,2127,0,0
1,Post Malone,Stoney,hiphop,6,10,3,3,353,,,4.5,3521458,8856801,2078062,3644754,1038942,5962325
1,Isaiah Rashad,The Sun's Tirade,hiphop,1,0,0,0,17,,80,,439938,410917,136942,354513,200138,0
0,Kembe X,Talk Back,hiphop,5,0,0,7,61,,,,15233,0,7007,10751,20916,5727
0,Tkay Maidza,Tkay,hiphop,2,0,0,5,0,,,,13647,48573,48591,29797,21654,7147
1,Roy Woods,Waking at Dawn,hiphop,2,0,0,9,6,,,,383959,1054706,59354,398268,263500,9797
0,Lil' Kleine,WOP!,hiphop,0,0,0,0,60,,,,71841,1176462,151434,386454,984,0
1,ASAP Twelvyy,12,hiphop,0,0,1,3,63,,,,204440,303404,21112,74662,35650,0
1,XXXTentacion,17,hiphop,3,7,3,24,2341,,,6.5,989949,7475838,969457,3114324,2067836,4386206
1,Princess Nokia,1992 Deluxe,hiphop,4,0,0,1,8,78,77,6.2,0,545376,100688,129184,61,147777
1,Vic Mensa,The Autobiography,hiphop,1,0,4,5,457,68,71,6.9,560796,738575,298691,353913,270,215477
1,A Boogie wit da Hoodie,The Bigger Artist,hiphop,2,0,5,9,299,,,,286596,2401952,278652,1484050,663292,1498544
1,A Boogie wit da Hoodie,The Bigger Artist,hiphop,2,0,5,9,299,,,,286596,2401952,278652,1484050,663292,1498544
1,Smino,blkswn,hiphop,4,0,1,1,52,,,,71452,0,28917,110238,86094,38161
1,Jidenna,The Chief,hiphop,4,0,1,8,843,,,5.8,127977,826187,348473,221961,23660,537931
1,J Hus,Common Sense,hiphop,4,0,2,29,20,80,84,7.8,242868,532143,87031,215833,55252,238561
0,Lute,West1996 pt. 2,hiphop,0,0,0,0,4,,,,17891,25345,0,9561,0,0
1,Smokepurpp,Deadstar,hiphop,4,0,0,4,135,,,,245377,2253422,153620,644747,468521,228606
0,Rob $tone,Don't Wait For It,hiphop,0,0,0,0,404,,,,46418,162620,22016,111327,86495,0
1,Syd,Fin,hiphop,2,1,1,54,46,,81,8.1,132422,400706,51675,150355,68143,0
1,Stormzy,Gang Signs & Prayer,hiphop,4,1,1,1,56,,82,7.6,1234015,1841358,731338,556115,114901,716431
1,Amine,Good for You,hiphop,5,1,1,60,3173,,77,,200267,599,97449,529943,147977,845300
1,G Herbo,Humble Beast,hiphop,3,0,0,7,51,77,,7.8,714324,2449278,242235,422850,182248,371687
1,21 Savage,Issa Album,hiphop,1,2,4,10,332,66,70,6.5,2246173,7445482,1134519,3864308,789270,3332058
0,IDK,IWasVeryBad,hiphop,2,0,0,1,103,,,,0,0,0,107,0,0
1,Lil Pump,Lil Pump,hiphop,5,1,1,46,222,67,,6.9,916507,11360987,1575255,2712716,1018026,7114304
1,Mura Masa,Mura Masa,hiphop,6,1,0,3,9,76,78,7.7,60780,123052,156502,333950,329618,326277
1,J.I.D,The Never Story,hiphop,1,0,0,3,709,,,,70927,153755,37659,76073,51975,0
1,Cyhi the Prynce,No Dope on Sundays,hiphop,2,0,3,3,42,,,,149457,161083,50686,53054,22633,0
0,Nines,One Foot Out,hiphop,1,2,0,4,162,,,,75876,0,22347,52437,0,56854
1,Kodak Black,Painting Pictures,hiphop,3,0,2,5,64,,,,1959318,5344157,0,2878570,999621,3335356
1,Playboi Carti,Playboi Carti,hiphop,3,0,0,76,439,,,7.3,613368,2224626,0,1205067,444331,366873
0,Quality Control,Quality Control: Control the Streets Volume 1,hiphop,4,0,0,2,91,,,,0,0,19085,101549,0,619603
1,Mike Will Made It,Ransom 2,hiphop,3,0,5,19,1149,,,,748062,1723915,600312,505126,186586,1832646
0,Residente,Residente,hiphop,2,2,0,8,7,,,,5999107,2020674,1264795,8948,0,2346845
1,Jaden Smith,Syre,hiphop,5,0,4,9,87,64,69,,7763174,8632921,10582322,373024,0,829990
0,Danger,Aeae,hiphop,0,0,0,0,124,,,,4687,9815,3339,21077,13555,0
1,Lil Yachty,Teenage Emotions,hiphop,1,4,6,11,78,61,63,6.8,4131372,5430780,570475,2856360,700362,998308
0,Shane Eagle,Yellow,hiphop,2,0,0,0,2,65,,,0,0,0,18,0,0
1,Rich Brian,Amen,hiphop,3,0,6,5,31,65,68,5.9,1294988,1928963,655045,613941,291559,926492
1,Famous Dex,Dex Meets Dexter,hiphop,3,0,1,3,20,60,,,830821,3020084,412647,601988,197022,23193
0,Saweetie,High Maintenance,hiphop,2,0,1,1,7,72,,,0,0,0,0,0,0
0,Saweetie,High Maintenance,hiphop,2,0,1,1,7,72,,,80848,607384,11770,47901,39240,366463
1,Cardi B,Invasion of Privacy,hiphop,4,10,6,18,52,81,84,8.7,2987228,23162441,5262160,2181259,187516,3089104
1,Kali Uchis,Isolation,hiphop,3,1,1,1,28,85,88,8.6,438044,887732,149766,322180,159106,285525
0,L.A.R.S.,Last American Rock Stars,hiphop,0,0,0,0,13,,,,0,0,0,5,0,0
1,Lil Skies,Life of a Dark Rose,hiphop,2,0,1,1,92,64,,6.4,229743,1603908,0,543587,343551,0
1,Rich Homie Quan,Rich as in Spirit,hiphop,2,0,0,4,559,69,,,1100315,3173860,1388883,1531796,103134,1211327
1,YoungBoy Never Broke Again,Until Death Call My Name,hiphop,2,1,0,1,36,,,,903822,0,0,816227,369474,2054789
1,Nipsey Hussle,Victory Lap,hiphop,2,2,1,40,57,76,80,7.8,736414,1844235,987541,308185,107092,0
1,Travis Barker,Give the Drummer Some,hiphop,1,1,0,0,82,,64,,1631621,1994046,2279903,112608,80884,156882
0,Marlon Roudette,Matter Fixed,hiphop,4,0,0,0,0,,,,16473,11650,99876,77283,2555,75641
0,The Rubberbandits,Serious About Men,hiphop,4,0,0,0,29,,,,172711,0,433259,12709,0,72819
0,Glory,Celebration,hiphop,1,5,0,6,655,,,,6870,0,74556,42692,0,1287
0,Jovi,H.I.V (Humanity is Vanishing),hiphop,0,0,0,0,0,,,,19471,0,45821,1591,0,147103
0,Elokuu,Haavaki saapuu,hiphop,0,0,0,0,0,,,,0,0,24122,53506,93,1831
0,Cro,Raop,hiphop,37,0,0,0,1,,,,0,0,0,0,0,0
0,Daveed Diggs,Small Things to a Giant,hiphop,0,0,0,0,0,,,,337054,458288,36323,11790,2146,0
0,Spekti,Diktaattorimies,hiphop,3,0,0,0,0,,,,4673,0,28664,17721,0,0
0,Tuomas Kauhanen,Sano vaan Tuomas,hiphop,0,0,0,0,0,,,,5608,13909,10045,11872,0,21962
0,Colette Carr,Skitszo Collection,hiphop,20,0,0,0,0,,,,171439,57027,127664,10807,1910,19248
0,Something Awful,Taking Lives,hiphop,0,5,0,1,56,,,,0,0,0,121,0,0
0,Sensato del Patio,We Ain't Even Supposed 2 B Here,hiphop,6,0,0,0,0,,,,241209,570580,874124,2261,12924,145560
1,Azealia Banks,Broke with Expensive Taste,hiphop,4,0,0,18,57,,,,0,513079,721612,367039,1853071,191620
0,JUL,Dans ma parano‰Ûª‰Û÷‰ÛªÌÏ‰ÛªÌà‰ÛªÌªa,hiphop,1,0,0,0,0,,,,0,0,0,0,0,0
0,Dillon Francis,"Money Sucks, Friends Rule",hiphop,7,0,0,1,1,,,3.9,1059067,1940735,1544128,627156,6179866,1599651
0,Phyno,No Guts No Glory,hiphop,4,0,0,0,2,,,,858094,2994769,481885,13182,0,128070
0,Neon Jungle,Welcome to the Jungle,hiphop,5,0,0,1,203,,,,58817,43737,326414,67623,6514,264609
0,Justimus,Wunderboy,hiphop,0,0,0,0,0,,,,85439,252149,81187,11366,0,120643
0,Emtee,Avery,hiphop,5,0,0,0,17,,,,585204,885793,881060,6000,0,0
0,DJ Hoppa,Hoppa and Friends,hiphop,0,0,0,0,6,,,,43832,89151,143528,5364,1677,0
0,Paperi T,Malarian pelko,hiphop,0,0,0,0,0,,,,1216,28832,21419,10266,89,0
0,From Ashes to New,Day One,hiphop,4,5,0,106,9258,,,,102644,56633,178956,77201,3551,46287
1,DJ Snake,Encore,hiphop,4,0,0,2,40,,62,5.3,1373052,3742923,4814567,2616368,835859,6822662
0,Xu Weizhou,Light,hiphop,5,0,0,0,0,,,,0,0,0,0,0,0
0,Hacktivist,Outside the Box,hiphop,5,0,0,0,70,,,,10973,10367,103911,24476,3639,26106
1,Lil Peep,"Come Over When You're Sober, Pt. 1",hiphop,0,0,0,0,11,,,,381239,2807243,670403,929128,735966,1577020
0,Powerflo,Powerflo,hiphop,3,0,0,0,0,50,,,1498,15916,27425,6611,20,4783
1,Prophets of Rage,Prophets of Rage,hiphop,0,1,0,4,348,54,54,4.6,57407,159394,377705,169489,1930,44018
1,Mike Shinoda,Post Traumatic,hiphop,2,2,1,0,0,62,,,1075095,1254972,1285111,188885,69628,293560
1,Maxo Kream,Punken,hiphop,0,0,0,0,91,75,,7.6,175720,206026,17396,95846,135727,0
1,Lil Xan,Total Xanarchy,hiphop,4,1,0,0,25,,50,,362386,3045115,444826,828856,320635,0
1,Rich the Kid,The World Is Yours,hiphop,3,5,1,55,1079,,,6.6,980135,3046776,283538,742312,348437,617947
0,Alexis Jordan,Alexis Jordan,rnb,3,0,0,2,0,,,,163515,47880,526717,64282,0,111644
0,Joe Jonas,Fastlife,rnb,2,0,0,0,2,,66,,10224840,6865289,5031924,397791,0,206152
0,Romeo Santos,"Formula, Vol. 1",rnb,6,0,0,4,0,,,,4713477,12486935,34644947,4454566,0,9201065
0,Alyssa Reid,The Game,rnb,3,0,0,0,32,,,,38732,12269,57296,38807,0,10939
0,Rebecca Ferguson,Heaven,rnb,6,0,0,0,1,,84,,754885,52112,504013,169061,5539,96073
1,Nicole Scherzinger,Killer Love,rnb,5,0,0,0,3,,,,5791690,3518239,7879018,725010,0,685629
1,Marsha Ambrosius,Late Nights & Early Mornings,rnb,2,0,0,4,4,,,,425747,337587,1218524,183248,13966,77279
0,Mohombi,MoveMeant,rnb,5,0,0,0,0,,,,87733,116468,1115174,232518,0,317705
0,Katy B,On a Mission,rnb,6,4,0,1,45,,76,8.1,268615,128604,705128,129384,122327,118499
0,Jamie Grace,One Song at a Time,rnb,2,1,0,2,1752,,,,210407,282140,743556,143659,0,267017
0,Selah Sue,Selah Sue,rnb,4,0,0,1,1,,,,87338,61826,788892,320199,33056,210494
0,Six60,Six60,rnb,6,0,0,0,0,,,,23691,83020,301825,114633,16463,58390
0,Patrick Stump,Soul Punk,rnb,1,0,0,0,2,,65,,1036381,590690,271302,84126,0,83193
0,Wizkid,Superstar,rnb,6,1,0,3,774,,,,4090042,5034844,1875414,3229,16785,327149
0,V. Rose,V. Rose,rnb,0,0,0,101,9,,,,32901,32568,55609,16766,642,7128
1,Jessie J,Who You Are,rnb,7,11,0,66,400,,51,2,16585,1908,18640028,3833635,0,7319007
0,Jack Vidgen,Yes I am,rnb,1,0,0,0,0,,,,46789,14598,211310,4070,0,0
0,Allen Stone,Allen Stone,rnb,0,0,0,118,3,,,,51419,87110,151898,132318,19096,101674
0,Ania Teliczan,Ania Teliczan,rnb,1,0,0,0,0,,,,0,0,0,0,0,0
1,Frank Ocean,Channel Orange,rnb,5,0,1,49,54,,92,9.5,18153,0,1692993,3197507,670915,347154
0,Conor Maynard,Contrast,rnb,4,0,0,0,0,,67,,2010714,1803453,6440217,1141436,13032,7591987
0,XL,Dance All Night,rnb,3,0,0,37,146,,,,0,0,0,257,0,0
1,Little Mix,DNA,rnb,4,3,0,18,118,,61,,11828843,9190504,10132249,3762120,5961658,8483779
0,Bridgit Mendler,Hello My Name Is...,rnb,2,0,0,0,14,,,,4821070,1461057,7450793,775057,4680,1772965
0,Chad Price,In This Dream,rnb,1,0,0,2,25,,,,0,0,0,326,0,0
0,Ivy Quainoo,Ivy,rnb,3,0,0,0,89,,,,10601,3224,43813,13872,304,0
0,Jin Akanishi,Japonicana,rnb,2,0,0,0,0,,,,677806,466316,2156,21606,0,77737
0,Maverick Sabre,Lonely Are the Brave,rnb,5,0,0,0,1,,,,176296,31928,122689,115167,17565,15303
0,Leon Thomas III,Metro Hearts,rnb,0,0,0,0,0,,,,8640,0,0,9247,0,1648
0,Michael Lynche,Michael Lynche,rnb,2,1,0,0,0,,,,0,0,0,526,0,0
0,Karise Eden,My Journey,rnb,1,0,0,0,0,,,,27481,12653,105545,17998,1806,13007
0,Luca Hanni,My Name Is Luca,rnb,0,0,0,1,9,,,,37993,157255,392598,12785,0,33998
1,Rita Ora,Ora,rnb,4,8,0,200,66,,,,7003754,13361402,5839368,1971691,294944,1512448
0,Emeli Sande,Our Version of Events,rnb,5,0,0,6,12,,67,,1201606,402974,1738143,1283810,1990115,767165
0,Cody Simpson,Paradise,rnb,2,0,0,0,3,,,,8008945,3172140,6882501,876122,15868,951336
1,Elle Varner,Perfectly Imperfect,rnb,4,0,0,3,0,,,,166057,586411,1021181,173375,19495,115089
1,The Weeknd,Trilogy,rnb,3,0,0,15,741,,79,8.5,9034084,31551,7382239,10193351,5939038,12810358
1,AlunaGeorge,Body Music,rnb,4,1,0,1,571,,73,7.6,106777,144381,305916,303548,5391279,212448
0,The Child of Lov,The Child of Lov,rnb,0,0,0,200,979,,74,6.1,2033,0,7242,3741,1873,1563
0,Dami Im,Dami Im,rnb,1,0,0,200,0,,,,53051,166873,219505,27364,0,7752
0,Jontte Valosaari,Haastaja,rnb,2,0,0,0,0,,,,4738,13365,25818,4839,0,2541
1,James Arthur,James Arthur,rnb,4,0,0,20,11,,58,,2341398,627946,2098320,1819118,0,7430
0,John Wizards (musical group),John Wizards,rnb,2,0,0,0,24,,,,1290,0,2258,367885,235,131475
0,E-girls,Lesson 1,rnb,5,0,0,0,12,,,,0,538974,0,134797,0,0
1,Hyolyn,Love & Hate,rnb,2,0,0,0,5431,,,,0,0,0,15,0,0
0,James Skelly & The Intenders,Love Undercover,rnb,2,0,0,0,877,,,,11839,0,3421,710,0,0
0,Jessica Sanchez,"Me, You & the Music",rnb,1,0,0,5,20,,,,1621436,298385,2047996,23317,0,465434
1,PJ Morton,New Orleans,rnb,2,0,0,4,3,,,,142375,144685,95899,25352,7947,0
0,Mack Wilds,New York: A Love Story,rnb,1,0,0,12,230,,,,182625,544989,129715,30164,10389,29971
0,Inc. No World,No World,rnb,2,1,0,97,1915,,,,4278,2604,16604,1773,1913,4289
0,Tiwa Savage,Once Upon a Time,rnb,7,1,0,1,192,,,,2225354,4559931,2061290,42550,0,91806
1,K. Michelle,Rebellious Soul,rnb,2,0,0,15,4,,71,,1719573,5229279,4847208,612563,62466,741316
1,Laura Mvula,Sing to the Moon,rnb,3,0,0,0,11,,73,7.4,50360,52631,115939,89954,5208540,2542
0,Alex Hepburn,Together Alone,rnb,2,0,0,0,0,,,,52380,26688,100492,18870,0,106744
1,Rhye,Woman,rnb,2,0,0,0,1243,,79,8.5,16666,9,188132,240711,229391,150892
1,Ariana Grande,Yours Truly,rnb,3,4,0,8,7,,81,6.5,56961780,118795537,33083192,13820650,221265,23035090
0,Zendaya,Zendaya,rnb,1,0,0,62,24,,,,13650282,50426614,11246854,1726453,0,848451
1,Zara Larsson,1,rnb,4,5,0,4,12,,,,1364355,4693898,1334324,2371025,45131,4309818
1,Tinashe,Aquarius,rnb,3,1,0,11,128,,80,7.5,938061,2271075,2241895,927093,149765,1314617
1,Chet Faker,Built on Glass,rnb,3,0,0,0,0,,75,7.3,95354,211,923959,1005978,0,387218
0,Ashley Roberts,Butterfly Effect,rnb,2,0,0,0,0,,,,517831,248046,101924,1693,0,5425
0,Tessanne Chin,Count On My Love,rnb,2,0,0,0,60,,,,319221,198147,941572,13947,0,0
0,Traci Braxton,Crash & Burn,rnb,2,0,0,1,2,,,,567899,543647,245156,5041,0,0
0,The Wah Wah Collective,Cry Baby Soul,rnb,2,0,0,0,1,,,,0,0,0,62,0,0
0,Darren Espanto,Darren,rnb,3,0,0,0,27,,,,319886,5164,1184897,135477,0,139302
0,Daley,Days & Nights,rnb,2,0,0,2,3230,,,,56583,11,99827,54256,16746,142704
0,Tensnake,Glow,rnb,4,0,0,0,149,,65,5.7,41268,16039,199077,45577,164785,5710
0,Erica Campbell,Help,rnb,3,0,0,19,19,,,,164203,1562117,1232784,53450,0,86595
0,Ludmilla,Hoje,rnb,5,0,0,0,0,,,,0,0,0,93,0,0
0,Hozier,Hozier,rnb,7,1,0,10,11,,79,,680205,876781,1496821,2188386,106770,1823423
1,Sam Smith,In the Lonely Hour,rnb,7,2,0,11,57,,62,5.5,7580838,9150218,6042532,5390393,1285934,7759789
0,Issues,Issues,rnb,3,30,0,200,1192,,69,,264682,0,554701,221933,0,0
0,Yemi Alade,King of Queens,rnb,6,0,0,0,0,,,,280398,3569733,1746150,50332,1860,524499
1,FKA Twigs,LP1,rnb,3,0,0,3,40,,86,,350206,1228495,390681,397281,227,330224
0,Sam Hunt,Montevallo,rnb,5,0,1,1,10,,,,573558,2195785,1084884,1135411,26679,1082615
0,Candice Glover,Music Speaks,rnb,1,0,0,0,3,,62,,127852,88818,346166,8451,720,0
0,Nadine Lustre,Nadine Lustre,rnb,4,0,0,0,0,,,,17424,4840899,2089308,85913,0,0
0,Isleym,O‰Ûª‰Û÷‰ÛªÌÏ‰ÛªÌà_ ‰Ûª‰Û÷‰ÛªÌÏ‰ÛªÌàÌ__a nous m‰Ûª‰Û÷‰ÛªÌÏ‰ÛªÌàÌ_ÅÕne,rnb,3,0,0,0,0,,,,47815,34884,240371,19846,0,0
1,PartyNextDoor,PartyNextDoor Two,rnb,3,2,0,75,267,,46,,1488948,2302339,228795,1264317,1260549,625029
0,Sam Bailey,The Power of Love,rnb,2,0,0,5,412,,,,375708,25348,376876,32316,0,11160
0,Christon Gray,School of Roses,rnb,0,0,0,1,0,,,,35608,49925,0,30364,5001,4306
1,SoMo,SoMo,rnb,5,1,12,15,2,,,,276534,254519,320699,459350,287396,1562737
1,Jhene Aiko,Souled Out,rnb,3,0,0,23,111,,76,,1596719,5834834,1695773,1564334,472550,1084181
1,Kiesza,Sound of a Woman,rnb,5,0,0,0,88,,63,5.2,103629,207276,571996,224920,66338,506520
0,Sohn,Tremors,rnb,0,0,0,0,4,,78,,27584,27419,144473,191528,1945225,41581
0,Young & Sick,Young & Sick,rnb,2,0,108,200,5394,,,6.3,1233,14685,12931,8769,12699,0
0,Glass Animals,Zaba,rnb,4,0,0,0,10,,77,,87889,182230,350173,713497,163545,333249
0,Willow,Ardipithecus,rnb,0,0,0,1,33,,,5.8,3676231,0,6905056,239731,6311,0
1,Andra Day,Cheers to the Fall,rnb,0,0,0,2,337,,,,844494,211858,234951,188431,18772,412723
1,Leon Bridges,Coming Home,rnb,2,1,0,3,10,,78,7,86984,257210,228056,493567,44523,176828
0,Kirby Maurier,Doing the Most,rnb,0,0,0,0,1,,,,0,0,0,224,0,0
0,Ella Eyre,Feline,rnb,4,0,0,0,0,,,,439233,464284,343784,356069,5628898,316336
0,Tina Campbell,It's Personal,rnb,0,0,0,0,1,,,,42458,519585,69570,5005,0,17950
1,Alessia Cara,Know-It-All,rnb,3,1,0,0,37,,,5.5,1291628,2108772,866166,2920274,22682,2198288
0,Tyler Carter,Leave Your Love,rnb,3,0,0,0,8,,,,213423,262887,255721,30188,15376,113837
0,Rixton,Let the Road,rnb,4,0,0,0,165,,,,85,153334,510750,430632,3361,0
0,Sada K.,Long Story Short,rnb,0,0,0,0,6,,,,0,0,0,515,0,0
1,Kwabs,Love + War,rnb,4,0,0,1,123,,78,,40827,30190,120574,108037,2,330579
1,Shamir,Ratchet,rnb,4,0,0,0,84,,80,8.3,52494,33129,44374,50017,4947,0
1,Fifth Harmony,Reflection,rnb,3,3,0,0,52,,78,7.2,5353217,10586841,7737976,5014892,739401,11193064
0,Jarryd James,Thirty One,rnb,4,0,0,0,2,,,,9883,14369,41032,87637,15530,53580
0,Joe Moore,A Thousand Lifetimes,rnb,2,0,0,0,0,,,,4409,0,0,1062,0,0
1,Meghan Trainor,Title,rnb,4,3,0,3,22,,59,,2260721,9227887,2823116,5135848,45,8956752
0,Rhiannon Giddens,Tomorrow Is My Turn,rnb,0,0,0,0,27,,84,,15210,12130,66821,38912,0,12799
0,Tori Kelly,Unbreakable Smile,rnb,3,0,0,4,1,,,,1335921,2966186,1562865,1280378,56182,2413388
0,Tyler Shaw,Yesterday,rnb,6,0,0,0,33,,,,15385,19269,55360,11919,676,0
0,Nathaniel Willemse,Yours,rnb,5,0,0,0,0,,,,66065,65530,98159,4675,0,12506
0,Lion Babe,Begin,rnb,3,0,0,5,9,,63,6.2,24505,98633,61095,91689,45225,64195
1,Nao,For All We Know,rnb,4,0,0,54,2262,,,7.9,69603,111204,85105,164505,96684,23486
1,Lance Skiiiwalker,Introverted Intuition,rnb,2,0,0,2,9,,,,22751,24849,0,14393,1314,0
0,Lapsley,Long Way Home,rnb,6,0,0,0,212,,73,,27328,22808,66254,154703,44975,63902
1,Majid Jordan,Majid Jordan,rnb,7,0,0,48,36,,69,6.8,307611,318121,129760,273950,229493,161314
1,Zayn,Mind of Mine,rnb,3,3,0,11,85,,,5.9,27377768,28336958,19971592,4117663,60681,6552234
0,Shila Amzah,My Journey,rnb,3,0,0,0,0,,,,1259595,2375992,442795,12710,4550,370830
0,JONES,New Skin,rnb,4,2,3,58,549,,,,4958,5585,9493,25000,12832,384
1,Gallant,Ology,rnb,2,0,0,2,7,,76,7.5,90207,103146,107890,169428,107159,113184
0,Jack Garratt,Phase,rnb,7,0,0,0,2,,64,5.6,77357,80075,140078,281524,52187,139282
1,Kilo Kish,Reflections in Real Time,rnb,0,0,0,0,10,,,,40682,418,66593,49610,56514,9371
1,dvsn,SEPT. 5TH,rnb,4,0,0,3,9,,,,104734,280717,49968,323491,143062,118969
0,Cana's Voice,This Changes Everything,rnb,0,0,0,0,17,,,,0,0,0,672,0,0
1,Nathan Sykes,Unfinished Business,rnb,4,2,0,0,0,,,,1697905,499536,366710,311112,5823,394748
1,Honne,Warm on a Cold Night,rnb,5,0,0,0,156,,,,69730,66264,105013,233563,88283,151870
0,Raleigh Ritchie,"You're a Man Now, Boy",rnb,6,0,0,0,51,,,,59312,241842,71147,101376,32201,97210
1,Cashmere Cat,9,rnb,4,1,0,19,35,68,,6.1,130469,181121,209741,235681,400649,278320
1,Khalid,American Teen,rnb,3,2,5,6,31,,,,1977713,2777754,433364,1971605,253799,2272338
1,PnB Rock,Catch These Vibes,rnb,2,0,0,2,14,68,,6.5,368414,1357344,148399,1153648,419556,896392
0,Amber Coffman,City of No Reply,rnb,3,0,0,0,13,78,78,7.8,16019,11558,6225,8623,198,1613
1,SZA,Ctrl,rnb,5,3,15,44,192,82,,,2069050,4204856,433841,1426099,172008,889334
1,Sevyn Streeter,Girl Disrupted,rnb,3,0,0,3,1,70,,,185906,1360539,1318190,457102,51222,661391
0,Gabriel Garzon-Montano,Jardin,rnb,3,0,0,0,1,,81,,4041,12804,15472,38000,23806,2221
0,Jona Viray,Jona,rnb,7,0,0,0,0,,,,219261,0,353854,57634,0,3206
1,Sampha,Process,rnb,3,0,3,6,949,,86,8.6,82234,168899,181551,280998,81014,69995
0,Ruth B,Safe Haven,rnb,3,0,0,6,1,,,,1335920,279104,62190,414500,10054,721627
1,Kehlani,SweetSexySavage,rnb,3,1,4,4,205,,76,7,473437,5469602,625578,1318013,557731,0
1,Kelela,Take Me Apart,rnb,4,0,1,0,80,81,84,8.6,183441,163231,97563,141194,68764,32538
1,Chloe x Halle,The Kids Are Alright,rnb,2,2,2,1,11,76,,,132300,6116,767194,62368,9671,918545
1,Jorja Smith,Lost & Found,rnb,3,0,1,1,52,,,,138441,901229,92416,291928,61533,206498
1,Anne-Marie,Speak Your Mind,rnb,6,1,0,0,0,55,,,358240,10138,393159,686636,32542,1580229
0,Andy Grammer,Andy Grammer,soul,3,0,0,6,0,,,,169278,297951,277515,457309,0,455610
0,Vintage Trouble,The Bomb Shelter Sessions,soul,3,0,0,0,1,,,,27555,28106,139881,76972,3415,37664
0,The Horrible Crowes,Elsie,soul,1,0,0,0,0,,76,,5556,0,33046,20793,48,95
0,Jamala,For Every Heart,soul,3,0,0,0,174,,,,50,505894,116275,9440,8071,48499
0,Graham Alexander,Graham Alexander,soul,0,0,0,8,3,,,,0,0,0,246,0,0
0,Alex Clare,The Lateness of the Hour,soul,4,0,0,0,6,,,3.7,49080,12552,333402,610039,84047,235935
0,Clare Maguire,Light After Dark,soul,3,0,0,0,0,,50,,38178,32092,42136,17527,8043,13537
0,Zahara,Loliwe,soul,2,0,0,0,0,,,,63770,311280,770142,92112,0,8735
0,Charles Bradley,No Time for Dreaming,soul,2,0,0,0,46,,79,,21925,46238,178221,206352,0,0
0,Tedeschi Trucks Band,Revelator,soul,0,0,0,1,1,,82,,91003,121451,513172,124850,4524,24277
0,SBTRKT,SBTRKT,soul,4,0,0,6,10,,76,8.1,173113,48843,513487,487889,564963,0
0,The Stepkids,The Stepkids,soul,0,0,0,6,0,,,6.5,5880,0,14620,8078,3292,0
0,SuperHeavy,SuperHeavy,soul,2,2,0,0,0,,,,11355,0,111610,24725,0,6197
0,Willis Earl Beal,Acousmatic Sorcery,soul,0,0,0,0,0,,70,7.2,1685,0,0,17393,3674,9322
0,Natalie Duncan,Devil In Me,soul,2,0,0,0,0,,,,2081,0,6168,2498,1502,1391
1,Jessie Ware,Devotion,soul,6,0,0,0,6,,85,8.5,27,247134,359961,391405,821576,390903
1,Michael Kiwanuka,Home Again,soul,4,0,0,0,15,,72,,47111,44589,206974,406632,1371280,0
0,Cold Specks,I Predict a Graceful Expulsion,soul,0,0,0,0,0,,71,7.7,4792,2461,19319,17419,3601,3829
0,Eve Ai,If You Love Me,soul,3,0,0,0,0,,,,0,0,0,0,0,0
0,Marcus Collins,Marcus Collins,soul,2,0,0,7,0,,,,660686,53789,153141,13062,0,0
0,Aiden Grimshaw,Misty Eye,soul,2,0,0,0,1,,,,18821,0,96233,8520,3586,4536
0,Chantal Claret,"The One, The Only...",soul,0,0,0,0,3468,,,,35207,30800,13905,2681,316,7287
0,Jay James Picton,Play It by Heart...,soul,0,0,0,0,33,,,,0,0,0,459,0,0
0,Ren Harvieu,Through The Night,soul,4,0,0,0,4,,,,6503,0,9115,4553,694,0
0,Leslie Clio,Gladys,soul,5,0,0,0,0,,,,3507,10606,33880,38178,1471,0
0,Rudimental,Home,soul,8,0,0,6,2649,,71,6.4,590377,178811,899541,681127,918263,1015697
0,Wild Belle,Isles,soul,0,0,0,0,1,,63,,17973,36859,103086,104731,21553,41189
0,The Lone Bellow,The Lone Bellow,soul,0,0,0,1,114,,77,,24007,49804,62154,49383,1801,9107
0,Tom Odell,Long Way Down,soul,5,0,0,8,7,,58,,252520,294403,715407,902653,770850,693392
0,Jahmene Douglas,Love Never Fails,soul,2,0,0,0,0,,,,5540,0,7409,6270,12,872
0,Valerie June,Pushin' Against a Stone,soul,0,0,0,0,1,,81,,15924,30549,86029,67808,3551924,7725
0,John Newman,Tribute,soul,4,0,0,1,23,,,,309947,261361,1826409,474326,5702387,1571843
1,Avicii,TRUE,soul,5,9,0,7,1364,,69,,2107817,8457627,19467119,8133983,1833426,0
0,Jeremy Loops,Sheer Sound,soul,0,0,0,0,0,,,,72394,137922,155899,79680,29228,62200
0,Ella Henderson,Chapter One,soul,4,0,0,0,0,,,,1159929,290275,568935,518756,30734,463185
1,Taylor McFerrin,Early Riser,soul,1,0,0,0,0,,76,6.8,11662,18738,25493,31712,27260,417
0,Elise Testone,In This Life,soul,0,1,0,0,4,,,,68008,10802,71064,1699,138,3192
0,Jungle,Jungle,soul,4,2,0,200,207,,72,6.2,0,30072,167137,217413,87493,52760
0,Unspoken,Unspoken,soul,0,0,0,23,12,,,,22514,47853,133451,65475,0,101168
0,Algiers,Algiers,soul,4,0,0,1,0,,79,7.7,4450,4860,24544,24282,0,1596
0,Jordan Feliz,Beloved,soul,0,0,0,0,4,,,,10145,68062,58545,87550,0,122035
0,Andee,Black and White Heart,soul,4,0,0,1,44,,,,26920,15686,37091,599,75,0
0,James Bay,Chaos and the Calm,soul,6,0,0,0,60,,58,,440434,953773,958552,1716404,101076,1270179
1,Ibeyi,Ibeyi,soul,0,0,0,3,1,,78,7.4,31979,134906,181715,179513,12161,121456
0,Seinabo Sey,Pretend,soul,3,0,0,0,1,,69,,13466,46970,77452,96581,26154,101340
0,Son Little,Son Little,soul,0,5,0,200,212,,75,,4518,8175,20381,43330,5626,0
0,Ravenhill,Soul,soul,0,0,0,0,1029,,,,0,0,0,392,0,0
0,Chris Stapleton,Traveller,soul,3,1,0,4,11,,85,,267758,1011518,1008522,682308,16941,593083
0,Amanda Black,Amazulu,soul,3,0,0,0,0,,,,0,0,0,323,0,0
0,Matt Corby,Telluric,soul,1,0,0,0,0,,77,,0,139087,0,313330,63504,172899
1,Moses Sumney,Aromanticism,soul,3,0,0,0,1,80,85,8.6,19583,80617,42112,75964,32731,15797
1,Rag'n'Bone Man,Human,soul,5,0,1,0,116,,,,0,0,0,4175,0,1657978
0,Nothing But You,Meant to Be,soul,0,11,0,95,8054,,,,12232,0,89850,3050,1740,0
0,Frances,Things I've Never Said,soul,7,0,0,1,85,,,,20305,13447,32701,48238,7060,49621
0,Ford & Lopatin,Channel Pressure,funk,2,0,731,200,79,,78,7.5,1464,0,0,3394,6934,0
0,Katie Waissel,Katie Waissel,funk,0,0,0,0,0,,,,0,0,0,0,0,0
0,Pascal & Pearce,Passport,funk,0,0,0,12,9,,,,23578,0,28689,1255,0,0
0,Don Broco,Automatic,funk,3,0,0,0,1,,47,,86694,76284,111937,88179,3783,16815
0,Twelve Foot Ninja,Silent Machine,funk,0,0,0,0,0,,,,11800,17252,88476,42876,3796,57184
1,7 Days of Funk,7 Days of Funk,funk,1,6,0,105,488,,74,7,0,0,2307,4289,5,22
0,The 1975,The 1975,funk,5,3,0,99,25,,,5.9,1932884,1965062,2035204,2188358,956993,1280467
0,Mystery Skulls,Forever,funk,4,0,0,0,4,,,,16140,15917,51595,72292,27411,95701
0,Nathan East,Nathan East,funk,0,0,0,48,0,,,,34813,62696,161965,10448,0,6550
0,Her Majesty & the Wolves,111,pop,3,0,0,7,5423,,,,0,0,0,326,0,0
0,CocknBullKid,Adulthood,pop,4,0,0,0,13,,,,0,0,0,758,0,330
0,The Adults,The Adults,pop,0,18,0,200,81,,,,0,0,0,448,0,498
0,Amanda Fondell,All This Way,pop,1,0,0,0,2,,,,1335,6874,19426,105376,60,0
0,Cir.Cuz,Alt I Sin Tid,pop,0,0,0,0,0,,,,0,0,0,85888,0,6903
0,Mark Stoermer,Another Life,pop,0,0,0,0,58,,,,39527,10509,12651,1729,356,1324
0,Anthem Lights,Anthem Lights,pop,0,2,0,53,13,,,,76987,0,1665682,197172,0,834878
0,Avion Roe,The Art of Fiction,pop,2,0,0,0,6,,,,16312,12174,99423,11339,312,0
0,Astro,Astro,pop,0,2,0,200,13,,,,315219,0,12457,39318,0,717366
0,Howie Dorough,Back to Me,pop,3,1,0,0,0,,,,0,0,0,277,0,0
0,Dirty Beaches,Badlands,pop,0,0,0,0,0,,76,8.2,0,0,31035,34949,282,215
0,Momoiro Clover Z,Battle and Romance,pop,5,0,0,0,0,,,,1881,0,0,35014,0,212828
0,We Are the In Crowd,Best Intentions,pop,4,1,0,3,1940,,69,,279562,48723,366173,121472,5296,35281
0,The Joy Formidable,The Big Roar,pop,6,1,0,0,70,,77,6.8,25490,11499,136850,78803,5713,22931
0,Birdy,Birdy,pop,4,0,0,4,4,,61,,322,363432,2488629,2028497,2057865,1896030
0,Anna Rossinelli,Bon Voyage,pop,2,0,0,0,0,,,,5880,3669,13373,2155,0,1378
0,Rainbow Arabia,Boys and Diamonds,pop,0,0,0,0,0,,61,4.9,2089,0,7922,4001,2468,101
0,BiS,Brand-new idol Society,pop,2,0,0,0,0,,,,1875,0,0,6415,4586,444
0,Tennis,Cape Dory,pop,0,0,0,0,0,,76,6.2,207384,0,54358,118132,0,0
0,Chiaki Kuriyama,Circus,pop,19,0,0,0,0,,,,0,0,0,621,0,0
0,Collectif Paris-Africa,Collectif Paris-Africa pour l'UNICEF,pop,1,0,0,0,0,,,,0,0,0,2038,0,2
0,Ringo Deathstarr,Colour Trip,pop,0,0,0,0,0,,68,,6112,7021,36793,20262,0,0
0,Casey Darnell,Coming Alive,pop,0,0,0,0,1,,,,9051,10497,11386,2194,204,1267
0,David Lynch,Crazy Clown Time,pop,4,0,0,0,0,,62,6.1,3520122,0,1298946,67293,0,48533
0,Still Corners,Creatures of an Hour,pop,0,0,0,0,124,,78,6.5,3534,1987,34845,46568,8629,1080
0,Cults,Cults,pop,5,2,1,2,2,,74,8.5,39149,8738,211821,155412,0,26084
0,Brite Futures,Dark Past,pop,0,0,0,0,0,,,,2304,0,5250,2127,388,874
0,Girls Names,Dead to Me,pop,1,2,0,8,60,,75,7.3,2827,1832,28348,11104,198,1125
0,Mia Martina,Devotion,pop,6,0,0,0,0,,,,108064,0,0,13493,6833,22323
0,Beady Eye,"Different Gear, Still Speeding",pop,5,0,0,0,0,,,,118023,17798,301527,97730,0,48863
0,Emily's Army,Don't Be a Dick,pop,2,0,0,0,93,,,,58,0,63553,9841,1499,0
0,Falling in Reverse,The Drug in Me Is You,pop,5,0,0,1,339,,,,646901,680954,2176921,792146,0,63045
0,Eli Lieb,Eli Lieb,pop,0,0,0,29,0,,,,37714,67600,162509,17866,0,341763
0,Melanie Laurent,En t'attendant,pop,1,0,0,0,0,,,,13935,74695,0,30416,0,0
0,Auryn,"Endless Road, 7058",pop,5,0,0,0,0,,,,531607,101898,92,105021,0,199188
0,Gazelle Twin,The Entire City,pop,0,0,0,0,3,,,,3555,0,16599,9686,6044,4370
0,Singing Adams,Everybody Friends Now,pop,0,3,0,1,23,,,,0,0,0,396,0,0
0,Dulce Maria,Extranjera - Primera Parte,pop,3,0,0,0,0,,,,7338913,4941185,9022015,252131,0,88521
0,Viva Brother,Famous First Words,pop,3,0,0,2,8,,34,2.9,7339,0,27059,2555,7,815
0,Austra,Feel It Break,pop,3,0,0,20,312,,75,7.3,0,0,51067,78774,0,0
0,Christina Grimmie,Find Me,pop,2,0,0,0,1,,,,895015,837163,3633678,231635,0,3963097
0,Chris Crocker,The First Bite,pop,2,0,0,0,4,,,,269201,874394,4103281,13716,0,9373
0,Girls' Generation,Girls' Generation,pop,3,3,0,111,21,,,,0,0,0,0,0,0
0,Little Scream,The Golden Record,pop,0,1,0,3,32,,77,8.1,2242,1849,7081,5105,175,0
0,miwa,Guitarissimo,pop,5,0,0,0,0,,,,312739,0,2118,183626,0,0
0,Greyson Chance,Hold On 'til the Night,pop,4,0,0,0,38,,,,2955688,648306,3394444,230548,15907,725870
0,Holy Ghost!,Holy Ghost!,pop,4,0,0,0,26,,69,7.1,23989,26140,85594,64874,23299,293
0,Frankie & The Heartstrings,Hunger,pop,5,0,0,52,33,,,,12150,0,13261,4885,399,0
0,Erin,Hunningolla,pop,0,0,0,0,7,,,,25283,413,52023,37748,0,359538
0,Speak,I Believe In Everything,pop,0,9,0,182,415,,,,2556,0,7509,5323,8108,115580
0,Basement,I Wish I Could Stay Here,pop,0,0,0,1,173,,,,43918,0,151230,100004,4470,551827
0,Givers,In Light,pop,0,0,0,4,1295,,70,,9721,0,41709,37243,552,0
0,Pietro Lombardi,Jackpot,pop,1,0,0,0,0,,,,555,0,1371081,14039,0,31732
0,the JaneDear girls,the JaneDear girls,pop,3,0,0,0,761,,56,,0,0,576,17285,0,29666
0,Jonny,Jonny,pop,0,2,0,47,24,,74,6.2,151734,0,102330,40302,0,0
0,I Fight Dragons,KABOOM!,pop,4,0,0,0,4,,,,12758,0,0,29693,1731,26034
0,I Am Empire,Kings,pop,3,0,0,24,34,,,,14727,1347,18917,6562,28,156
0,Matt Cardle,Letters,pop,4,0,0,0,0,,,,77,20290,824475,32608,0,73900
0,Birgit Bidder,The Life Home,pop,3,0,0,0,0,,,,0,0,0,197,0,0
0,Mirrors,Lights and Offerings,pop,4,3,0,0,6,,,,0,0,0,2200,0,0
0,Stephanie Cayo,Llegare,pop,3,0,0,0,0,,,,791141,898996,1193124,3916,0,0
0,Christina Perri,Lovestrong,pop,3,0,0,0,0,,,,1175945,977274,5967587,1286361,0,3721062
0,Go Radio,Lucky Street,pop,2,2,0,10,79,,,,53174,0,158127,85086,0,24256
0,Mademoiselle Yulia,Mademoworld,pop,2,0,0,0,0,,,,51807,156424,13092,1375,65,1855
0,Matthew Morrison,Matthew Morrison,pop,2,0,0,6,0,,52,,990442,601008,691881,28531,0,10086
0,Lisa Matassa,Me Time,pop,0,0,0,0,10,,,,0,0,0,123,0,0
0,Can Bonomo,Meczup,pop,3,0,0,0,0,,,,924683,300735,414209,90881,0,15489
0,Stephen Jerzak,Miles and Miles,pop,2,0,0,0,4,,,,43516,8541,107404,11815,1603,67252
0,Mary Byrne,Mine & Yours,pop,1,0,0,0,5,,,,55,0,70,744,0,2
0,Jamie Woon,Mirrorwriting,pop,2,0,0,0,0,,70,8,27522,10789,207388,149628,62092,48206
0,Charlene Soraia,Moonchild,pop,2,0,0,0,0,,,,8399,1676,24452,47912,4080,23161
0,JPM,Moonwalk,pop,5,0,0,0,8,,,,0,0,0,4,0,0
0,Seth MacFarlane,Music Is Better Than Words,pop,2,0,0,0,107,,52,,14764468,510001,1779684,33391,0,0
0,The Cinema,My Blood Is Full of Airplanes,pop,4,0,0,0,65,,,,5113,10776,183102,300036,0,8498
0,Of Monsters and Men,My Head Is an Animal,pop,4,0,0,0,56,,66,,390575,269764,2175844,2112050,1351821,993724
0,Naela,Naela,pop,4,0,0,0,0,,,,17603,0,0,526,0,6778
0,Grouplove,Never Trust a Happy Song,pop,4,0,0,0,222,,66,,137964,142516,544249,605188,8491,165916
0,New Look,New Look,pop,0,73,0,200,2942,,,,3155,259,15457,7182,0,722
0,Lauri Ylonen,New World,pop,3,0,0,0,0,,,,1755,0,42057,1200,0,0
0,Dev,The Night the Sun Came Up,pop,3,0,0,78,622,,,,129767,42120,921510,176693,0,295880
0,Bamboo Manalac,"No Water, No Moon",pop,4,0,0,0,4,,,,0,0,0,580,0,0
0,Ninja Sex Party,NSFW,pop,8,0,0,0,1,,,,571090,489234,211041,157316,7600,1087584
0,Peter Furler,On Fire,pop,3,0,0,1,22,,,,31314,15070,83586,8558,0,0
0,EMA,Past Life Martyred Saints,pop,4,0,0,0,0,,82,8.5,0,0,0,0,0,0
0,Penguin Prison,Penguin Prison,pop,0,0,0,2,3,,,,7710,4766,37024,44554,32920,4887
0,Natalia Kills,Perfectionist,pop,4,0,0,0,0,,,,827,1107,395507,144254,0,142028
0,YuiKaori,Puppy,pop,5,0,0,0,18,,,,0,0,0,87,0,0
0,Class Actress,Rapprocher,pop,0,0,0,0,6,,69,7.1,10520,0,37229,26905,4262,0
0,Rebeldes,Rebeldes,pop,3,0,0,1,0,,,,0,0,35858,66271,0,73566
0,Dia Frampton,Red,pop,0,0,0,2,0,,74,,129453,35630,195212,33108,0,51620
0,Reece Mastin,Reece Mastin,pop,1,0,0,0,0,,,,262530,96425,223087,24897,0,36088
0,Ronan Parke,Ronan Parke,pop,1,0,0,2,0,,,,105810,53669,679071,7724,0,52412
0,Runner Runner,Runner Runner,pop,3,0,0,200,90,,,,11079,0,165837,8224,542,409
0,Ivi Adamou,San Ena Oniro,pop,4,0,0,0,0,,,,59235,121389,194452,66746,0,10150
0,Icon for Hire,Scripted,pop,5,2,0,0,3,,,,42660,41616,212975,141507,2779,276706
0,Jessica 6,See the Light,pop,0,0,0,32,120,,66,,0,0,12631,3860,847,1307
0,Title Fight,Shed,pop,0,0,0,126,61,,81,,46199,36741,159650,93991,257,7668
0,Mary-Jess Leaverland,Shine,pop,3,0,0,0,0,,,,0,0,0,75,0,0
0,Somedaydream,Somedaydream,pop,5,0,0,0,0,,,,13395,0,87637,4109,2000,0
0,This Century,Sound of Fire,pop,0,1,0,10,175,,,,0,0,0,21722,2248,0
0,Wolf Gang,Suego Faults,pop,0,0,0,0,0,,,,19114,0,130144,55541,0,10322
0,Paradise Oskar,Sunday Songs,pop,2,0,0,0,2,,,,3390,0,0,1510,0,0
0,DyE,Taki 183,pop,2,0,0,0,1,,,,0,0,0,9,0,0
0,MEN,Talk About Body,pop,3,2,0,200,208,,65,4.1,0,0,0,0,0,0
0,The Groggers,There's No 'I' in Cherem,pop,4,0,0,0,900,,,,0,0,0,0,0,0
0,Dillon,This Silence Kills,pop,0,0,0,0,0,,72,,2849,9170,129857,76927,16638,69373
0,Lucy Spraggan,Top Room at the Zoo,pop,0,0,0,0,2,,,,614970,79551,406530,72578,10394,98141
0,Foster the People,Torches,pop,5,0,0,0,10,,69,6.2,1059874,401946,4513044,2102216,136758,1569644
0,Unknown Mortal Orchestra,Unknown Mortal Orchestra,pop,2,0,0,3,5,,73,8.1,109361,61419,199686,280990,26572,43082
1,One Direction,Up All Night,pop,4,20,0,165,1118,,64,,31736289,17226870,38027559,9181799,2919762,23677110
0,Esben and the Witch,Violet Cries,pop,3,0,0,0,0,,64,6.6,2532,0,30709,13216,1203,340
0,After School,Virgin,pop,3,0,0,50,707,,,,5378,0,1631649,74874,0,0
1,Kimbra,Vows,pop,6,0,0,1,41,,72,,144283,145912,532440,275644,37675,240154
0,The Sound of Arrows,Voyage,pop,4,0,0,0,1,,,,4068,0,18797,13031,0,0
0,Warr Acres,Warr Acres,pop,0,0,0,3,0,,,,0,0,4850,4032,0,3708
0,Swimming With Dolphins,Water Colours,pop,0,0,0,0,0,,,,2567,0,22332,7609,0,0
0,Hyland,Weights & Measures,pop,0,0,0,0,17,,,,1613068,5628201,0,2065,0,0
0,Tim Bendzko,Wenn Worte meine Sprache waren,pop,0,0,0,0,0,,,,156127,164442,590410,227067,6,198583
0,Widowspeak,Widowspeak,pop,0,0,0,0,0,,75,7.5,5007,6036,38685,38900,2165,0
0,Washed Out,Within and Without,pop,0,2,0,2,104,,70,,0,24683,316485,1,41187,7546
0,Kimberly Caldwell,Without Regret,pop,2,0,0,0,1,,,,25791,13482,20761,2447,0,0
0,Youth Lagoon,The Year of Hibernation,pop,2,0,0,0,252,,,8.4,5,0,0,159887,5,0
0,Zoe Badwi,Zoe,pop,5,0,0,0,51,,,,16558,11876,19569,2363,0,0
0,Demy,#1,pop,7,35,17,200,0,,,,174649,290055,0,6015,0,44116
0,Summer Heart,About a Feeling,pop,1,13,0,43,227,,,,0,7436,32772,28920,28291,866
0,Alice Caymmi,Alice Caymmi,pop,0,0,0,0,0,,,,5248,50025,50976,30839,1620,4133
0,Titanium,All for You,pop,6,1,0,4,7976,,,,0,0,4226,3952,0,0
0,Dog Is Dead,All Our Favourite Stories,pop,0,0,0,0,21,,55,,0,0,0,0,0,0
0,California Wives,Art History,pop,0,0,0,2,13,,64,,1344,0,8639,3559,772,779
1,alt-J,An Awesome Wave,pop,7,0,0,0,1,,,4.8,529033,269153,1656733,1883758,1096151,774866
0,Matthew E. White,Big Inner,pop,0,0,0,8,2,,85,8.1,6197,4732,14505,18476,2233,933
0,ClariS,Birthday,pop,4,0,0,0,1162,,,,137825,0,48465,48771,0,49180
0,Emma Hewitt,Burn The Sky Down,pop,5,0,0,0,2,,,,143884,111744,1066136,55266,0,71277
0,Casey Abrams,Casey Abrams,pop,2,0,0,0,0,,,,129617,41506,153309,39620,3060,26751
0,My Tiger My Timing,Celeste,pop,4,0,0,0,0,,,,1082,0,2764,594,512,152
0,Lawson,Chapman Square,pop,6,0,0,0,1,,,,291282,72907,582915,124172,0,54144
1,Zedd,Clarity,pop,5,0,0,4,86,,,,8243746,5430658,6971691,2705470,4260463,4100422
0,The Collective,The Collective,pop,2,39,0,200,604,,,,2829,0,10519,6147,7242,0
0,Christopher,Colours,pop,4,0,0,1,101,,,,33852,0,284957,138479,0,139260
0,Forever Came Calling,Contender,pop,0,0,0,0,14,,,,12166,6648,33121,14580,344,0
0,Hubert Wu,Couple Getaway,pop,0,0,0,0,0,,,,0,0,0,88,0,0
0,Half Moon Run,Dark Eyes,pop,3,1,0,0,4,,70,,27371,39099,171258,156353,13882,41979
0,Doll$Boxx,Dolls Apartment,pop,0,0,0,0,0,,,,8862,84844,5952,2483,0,0
0,Tal,Le droit de r‰Ûª‰Û÷‰ÛªÌÏ‰ÛªÌàÌ_Å_ver,pop,5,0,0,3,0,,,,2389547,0,1536008,136285,16348,677185
0,An Epic No Less,Echo of Love,pop,0,0,0,3,194,,,,0,0,0,951,0,0
0,Eme 15,Eme 15,pop,5,0,0,200,0,,,,136131,0,0,50642,0,784
0,Romanthica,Eterno,pop,0,0,0,0,0,,,,368,0,5242,1022,0,1102
0,Egoist,Extra terrestrial Biological Entities,pop,2,0,0,0,0,,,,140236,0,9966,92496,0,157323
0,One Sonic Society,Forever Reign,pop,0,0,0,2,1,,,,0,0,10126,21021,0,559
0,Benjamin Gibbard,Former Lives,pop,0,0,0,0,0,,70,,0,52364,44566,23176,0,0
0,David Lindgren,Get Started,pop,1,0,0,0,30,,,,94,36486,0,45732,0,142
0,Polica,Give You the Ghost,pop,0,0,0,0,22,,77,,22014,12800,104338,126356,169427,22050
0,The Gypsy Queens,The Gypsy Queens,pop,0,0,0,1,803,,,,0,13417,52992,2109,0,130
0,The Jellyrox,Heta Himlen,pop,0,0,0,0,0,,,,1533,0,1879,1412,666,0
0,Moriah Peters,I Choose Jesus,pop,0,0,0,0,0,,,,25573,17032,104931,48289,0,73449
0,iamthemorning,~,pop,0,0,0,0,0,,,,1803,3011,11537,5337,711,0
0,Icona Pop,Icona Pop,pop,3,1,0,9,1,,,,231127,202248,2142557,566153,356319,12660
0,Vivid,Infinity,pop,0,0,0,1,155,,,,0,0,0,990,0,0
0,Niki and the Dove,Instinct,pop,5,0,0,0,0,,73,7.9,8403,4875,67165,55313,16566,14263
0,Jennette McCurdy,Jennette McCurdy,pop,1,0,0,2,0,,,,6245670,7411585,15559062,226885,0,26021
0,Kimberley Chen,Kimberley,pop,0,0,0,0,0,,,,0,0,0,136,0,0
0,iamamiwhoami,kin,pop,0,0,0,1,45,,,,9660,0,83296,84892,6447,99022
0,Kis-My-Ft2,Kis-My-1st,pop,3,0,0,0,0,,,,0,0,0,0,0,0
0,SKE48,Kono Hi no Chime o Wasurenai (‰Ûª‰Û÷Ì_å£‰ÛªÌàÌ_åÅÅÊ‰ÛÓÌ_‰Ûª_‰Ûªåè‰Ûª‰Û÷Ì_å£‰ÛªÌàÌ_åÅ‰ÛªÌàÌ_Ì´‰Ûª‰Û÷_ÅÊ‰ÛÓÌ_‰Ûª_‰Ûª‰ÛÒ‰ÛªÌàÌ_‰Û_‰Ûª‰Û÷Ì_å£‰ÛªÌàÌ_åÅ‰ÛªÌàÌ_Ì´‰Ûª‰Û÷Ì_å£Ì_Ìâ‰ÛªåÇ‰ÛªÌàÌ_åÅ‰Ûª‰Û÷Ì_å£Ì_Ìâ‰ÛªåÇ‰ÛªÌàÌ_å£‰Ûª‰Û÷Ì_å£ÅÊ‰ÛÓÌ_‰Ûª__‰ÛªÌà_‰Ûª‰Û÷Ì_å£Ì_Ìâ‰ÛªåÇ‰ÛªÌà‰Ûª_‰Ûª‰Û÷Ì_å£ÅÊ‰ÛÓÌ_‰Ûª__ÅÊ‰ÛÓÌ_‰Ûª_Ì_Ì©‰Ûª‰Û÷Ì_‰Û_‰ÛªÌà‰Ûª‰ÛÓ‰ÛªÌ´‰Ûªåè‰Ûª‰Û÷Ì_å£ÅÊ‰ÛÓÌ_‰Ûª__Ì_åÅ‰ÛªåÇ‰Ûª‰Û÷Ì_å£‰ÛªÌàÌ_åÅ‰ÛªÌàÌ_Å_‰Ûª‰Û÷Ì_å£‰ÛªÌàÌ_åÅÅÊ‰ÛÓÌ_‰Ûª__‰Ûª‰Û÷‰ÛªÌª‰ÛªÌà_ÅÊ‰ÛÓÌ_‰Ûª_Ì_åç,pop,8,0,0,0,0,,,,188391,0,0,10559,0,262058
0,Robin,Koodi,pop,0,0,0,0,101,,,,0,70956,0,126759,0,333227
0,Josh Osho,L.i.f.e,pop,0,0,0,0,0,,,,0,0,0,5718,3,0
0,Haley Reinhart,Listen Up!,pop,1,1,0,0,5,,,,227,120334,468653,134776,0,2141
0,Stiftelsen,Ljungaverk,pop,0,0,0,0,0,,,,0,0,1624,212493,0,0
0,Zowie,Love Demolition,pop,0,0,0,0,3,,,,0,0,0,897,0,0
1,Lukas Graham,Lukas Graham,pop,4,0,0,11,13,,75,,205900,454567,592748,919535,51705,2506773
0,Roberto Bellarosa,Ma voie,pop,3,0,0,0,0,,,,7396,1753,22881,1578,0,0
0,Producers,Made in Basing Street,pop,0,4,0,1,49,,,,0,0,0,210,0,0
0,Friends,Manifest!,pop,0,1,0,0,1972,,70,5.2,0,0,20006187,7392,0,129424
0,Alina Devecerski,Music Machine,pop,4,0,0,0,2,,,,542,1446,21848,201358,0,4612
0,Melody's Echo Chamber,Melody's Echo Chamber,pop,4,0,0,0,0,,79,,0,0,10147,40084,0,77
0,Melody's Echo Chamber,Melody's Echo Chamber,pop,4,0,0,0,0,,79,,0,0,0,0,0,0
0,Sucre,A Minor Bird,pop,1,0,0,0,1,,,,0,0,48578,8603,6129,0
0,Electric Guest,Mondo,pop,0,0,0,0,18,,59,4.6,15385,12308,104368,179720,18386,68529
0,Farrah Abraham,My Teenage Dream Ended,pop,1,0,0,0,0,,,,0,0,0,658,0,0
0,Robin Stjernberg,My Versions,pop,2,0,0,0,0,,,,17481,79575,89554,27337,0,0
1,Imagine Dragons,Night Visions,pop,5,0,0,0,7,,53,,6086714,3588819,13283631,8929398,5136578,10817652
0,Sarah De Bono,Sarah De Bono,pop,1,0,0,2,3,,,,85780,32917,50190,1622,0,2510
0,Taryn Southern,On My Face,pop,0,0,0,0,23,,,,85843,62339,100365,3989,401,458318
0,DIIV,Oshin,pop,0,0,0,0,0,,80,8.3,46971,87883,176734,153189,17678,0
0,Diandra,Outta My Head,pop,0,0,0,0,26,,,,127515,148942,0,21665,0,15981
0,Baptiste Giabiconi,Oxygen,pop,2,0,0,0,0,,,,1627097,1101787,572190,8233,0,15536
0,Chris Wallace,Push Rewind,pop,2,0,0,0,0,,,,34790,0,236310,7105,0,0
0,Laurel Halo,Quarantine,pop,0,0,0,0,0,,80,8,19380,0,39035,22687,25769,0
0,Ramin Karimloo,Ramin,pop,0,0,0,0,0,,,,123855,197481,107272,12708,0,0
0,Francesca Michielin,Riflessi di me,pop,3,0,0,0,0,,,,516026,539331,487663,162511,0,270533
0,The Royal Royal,The Royalty,pop,0,0,0,200,308,,,,2805,0,3816,11051,0,0
0,The Rubens,The Rubens,pop,0,0,0,5,1,,,,9546,44677,103690,85976,4400,9895
0,Youngblood,Running Home to You,pop,2,0,0,0,110,,,,32125,5796,2159,135535,0,0
0,Samantha Jade,Samantha Jade,pop,19,0,0,1,2,,,,118505,228775,280856,33447,0,54074
0,Moxiie,Savage,pop,3,0,0,0,920,,,,0,0,0,671,0,0
0,Iris,Seventeen,pop,3,0,0,0,39,,,,0,119232,7960,2138,0,0
0,Rachael Leahcar,Shooting Star,pop,1,0,0,0,0,,,,42386,7825,34081,1214,0,8932
0,Purity Ring,Shrines,pop,4,0,0,0,1,,76,8.4,112580,79140,383519,411106,151363,103171
0,Victoria Duffield,Shut Up and Dance,pop,4,0,0,0,20,,,,32919,28,66502,7347,902,61612
0,Jamie McDell,Six Strings and a Sailboat,pop,6,0,0,0,0,,,,26387,36762,189672,12446,3014,82660
0,Aimer,Sleepless Nights,pop,7,0,0,0,4,,,,259296,0,6748028,187235,0,439505
0,SpeXial,SpeXial,pop,0,0,0,0,0,,,,1783,295111,455519,7581,0,235909
0,JJAMZ,Suicide Pact,pop,0,0,0,0,0,,,,104,0,13386,3998,504,0
0,People on Vacation,The Summer and the Fall,pop,0,0,0,5,1178,,,,5179,0,0,836,0,2112
0,Trust,TRST,pop,0,0,0,0,474,,71,7.4,8537,0,15637,17533,0,0
0,Stepdad,Wildlife Pop,pop,0,0,0,0,1,,,,3018,0,15002,10751,1074,6200
0,Phillip Phillips,The World from the Side of the Moon,pop,3,0,0,1,11,,,,685724,266044,1230695,454103,1530,469420
1,WZRD,WZRD,pop,2,0,3,22,2,,50,,1310,0,4625,43195,0,42107
0,1GN,1 Girl Nation,pop,1,0,0,0,3,,,,13,10323,0,5925,0,25490
0,Adopted as Holograph,Adopted as Holograph,pop,0,0,0,0,30,,,,0,0,0,0,0,0
0,Anitta,Anitta,pop,4,4,0,0,9,,,,7053771,27954272,13695921,5039805,47373,8802846
0,Bastille,Bad Blood,pop,8,0,0,0,160,,58,,1485835,618158,2831519,2555726,5202532,1885330
0,Mamadee,Beautiful Soul,pop,2,0,0,0,51,,,,272,0,0,317,0,0
0,Broiler,The Beginning,pop,4,0,0,0,1053,,,,3970,26789,0,124071,10121,50088
0,Chvrches,The Bones of What You Believe,pop,7,0,0,0,517,,80,8.5,361401,216595,738661,767638,891498,242899
0,Yohio,Break the Border,pop,2,0,0,0,1,,,,78227,57163,85830,16121,0,43144
0,Kimberley Walsh,Centre Stage,pop,1,0,0,0,0,,,,696633,613116,47620,3707,0,0
0,Shiritsu Ebisu Chugaku,Chunin,pop,4,0,0,0,0,,,,0,0,0,2099,0,0
0,Dawid Podsiadlo,Comfort and Happiness,pop,4,0,0,0,0,,,,10459,123924,325454,119840,1074,161946
0,Marnie,Crystal World,pop,1,0,0,0,22,,,,0,0,0,126,0,0
0,Haim,Days Are Gone,pop,6,1,0,1,90,,,8.3,1248924,975100,859213,665345,878656,351976
0,Krista Siegfrids,Ding Dong!,pop,3,0,0,0,0,,,,19270,98998,30851,6863,0,12404
0,Phildel,The Disappearance of the Girl,pop,0,0,0,0,1376,,,,11378,2365,14034,23649,2033,30810
0,Daniel Padilla,DJP,pop,1,0,0,0,0,,,,7221422,4614,1792469,143480,0,143561
0,Ejecta,Dominae,pop,3,0,0,0,0,,,7,1683,0,4719,6287,0,0
0,Shine Bright Baby,Dreamers,pop,0,0,0,0,2,,,,0,1556,14013,1597,0,42
0,Maite Perroni,Eclipse de Luna,pop,6,0,0,0,0,,,,4625068,4432147,7875249,282682,0,1235203
0,Gabrielle Aplin,English Rain,pop,5,0,0,0,0,,,,179048,152803,620035,355658,1935030,796503
0,Everfound,Everfound,pop,0,0,0,0,0,,,,9865,9675,36599,10538,0,19486
0,Denise Rosenthal,Fiesta,pop,6,0,0,0,0,,,,378179,1534817,810619,41117,0,77992
0,State Champs,The Finer Things,pop,0,0,0,0,4,,,,147252,164825,196787,159302,0,3594
0,Havana Brown,Flashing Lights,pop,3,0,0,0,0,,,,149687,208646,976905,118219,39450,29796
0,Fatin Shidqia,For You,pop,6,0,0,0,1,,,,0,0,0,569,0,0
0,Cassadee Pope,Frame by Frame,pop,2,0,0,0,0,,,,606042,529922,1216373,122509,0,234152
0,William Beckett,Genuine & Counterfeit,pop,1,0,0,0,0,,,,99733,41167,30701,11718,0,9132
0,Woodkid,The Golden Age,pop,3,0,0,1,87,,,,250722,131165,650602,392713,59786,518031
0,Hannah Rose,Hannah Rose,pop,0,0,0,13,2,,,,0,0,0,138,0,0
0,Steve Hare,Cast My Cares,pop,0,0,0,0,0,,,,0,0,0,176,0,0
0,JKT48,Heavy Rotation,pop,0,0,0,0,37,,,,4334161,134329,0,20255,0,518061
0,Willy Moon,Here's Willy Moon,pop,2,0,0,0,0,,68,,13113,10149,34203,17654,1623,20681
0,Janet Devlin,Hide & Seek,pop,1,0,0,0,0,,,,326541,70503,408499,39690,0,426827
0,The Neighbourhood,I Love You.,pop,4,1,0,0,3244,,,,986314,1012354,1271210,1904698,931330,1641345
0,London Grammar,If You Wait,pop,7,0,0,1,15,,75,7.1,162332,179702,1111908,750236,466691,438170
0,Richard & Adam,The Impossible Dream,pop,0,0,4,200,78,,,,0,0,22583,2242,0,0
0,Kodaline,In a Perfect World,pop,5,0,0,0,274,,47,,306439,256259,787316,907749,61624,1120171
0,Capital Cities,In a Tidal Wave of Mystery,pop,4,0,0,0,4,,,,91087,122450,1551434,553161,627508,919686
0,Guards,In Guards We Trust,pop,1,0,0,6,20,,64,5.9,3298,2251,11332,8555,2294,1270
0,Peace,In Love,pop,4,20,1,200,5706,,72,,86623,44819,172891,78480,12761,33092
0,Samo,Inevitable,pop,3,0,0,0,58,,,,1173,0,15305,71206,723,0
0,Megan Hilty,It Happens All The Time,pop,1,0,0,0,195,,,,130830,83840,63467,4619,0,234
0,Jackie Thomas,Jackie Thomas,pop,1,0,0,3,0,,,,9702,8904,32573,2830,0,0
0,Kavka Shishido,Kavkanize,pop,6,0,0,0,0,,,,23157,183278,20364,3326,0,0
0,Infinite,Koi ni Ochiru Toki,pop,3,0,0,0,0,,,,0,0,0,385753,0,0
0,Leanne Mitchell,Leanne Mitchell,pop,1,0,0,1,0,,,,25968,0,7195,628,0,0
0,Burna Boy,L.I.F.E - Leaving an Impact for Eternity,pop,5,0,0,0,0,,,,875476,1325979,0,32488,5692,47374
0,Silverline,Lights Out,pop,1,0,0,0,322,,,,1082,0,6492,3355,0,59831
0,Alex Sirvent,Lo mejor que me pas‰Ûª__ en la vida,pop,0,0,0,0,0,,,,49993,159834,0,6749,17,0
0,R5,Louder,pop,4,0,0,0,28,,,,0,0,0,0,0,0
0,Silente,Lovac na ‰Ûª_Ì_åçudesa,pop,0,0,0,0,0,,,,365368,78549,358239,48096,0,16945
0,Love & the Outcome,Love & the Outcome,pop,0,0,222,200,5431,,,,67812,54540,53979,48198,719,32544
0,Christopher Owens,Lysandre,pop,0,0,0,0,0,,68,6.5,41160,0,22861,8961,3282,0
0,Glenn Robinson,Modern Mistakes,pop,0,0,0,0,0,,,,0,0,0,34,0,0
0,Clarice Falcao,Monomania,pop,4,0,0,0,0,,,,704928,581580,778931,523215,0,634720
0,Natalie Maines,Mother,pop,0,0,0,0,2,,70,,0,0,0,0,0,0
0,Tony Scalzo,My Favorite Year,pop,0,0,0,0,11,,,,0,0,0,71,0,0
0,The Neverclaim,The Neverclaim,pop,0,0,0,0,0,,,,5589,0,29436,3473,109,4642
0,Sky Ferreira,"Night Time, My Time",pop,2,1,0,0,914,,,8.1,441655,690818,536707,225853,268080,135978
0,Nina Rodriguez,Nina Rodrguez,pop,1,0,0,0,0,,,,0,0,0,291,0,0
0,Noah,Noah,pop,4,8,1,193,133,,,,4658365,501142,4187894,45923,0,1138010
0,Emblem3,Nothing to Lose,pop,2,0,0,0,82,,,,911033,313705,1862664,205869,47032,508700
0,Emmelie de Forest,Only Teardrops,pop,2,0,0,0,0,,,,22289,33620,119323,21779,0,12119
0,The History of Apple Pie,Out of View,pop,4,0,0,16,108,,74,6.7,2115,0,9148,2356,1852,0
0,Palms,Palms,pop,0,5,0,15,24,,72,6.5,0,0,0,0,0,0
0,Mayra,Parece Amor,pop,1,0,0,0,0,,,,0,0,0,268,0,0
0,Sharon Needles,PG-13,pop,0,0,0,0,0,,,,392765,874730,567839,28152,0,89250
0,La Femme,Psycho Tropical Berlin,pop,0,0,0,0,0,,,,13864,0,214431,122388,19554,48308
0,PUP,PUP,pop,0,0,0,122,5,,83,,33697,61584,65841,64514,0,79952
1,Lorde,Pure Heroine,pop,4,0,0,8,0,,79,7.3,8319040,6202761,6576498,3089519,6329625,3935147
0,Marcus Reeves,Quicksilver - The Masquerade Macabre,pop,4,0,0,0,0,,,,5934,0,7179,1162,0,0
0,MS MR,Secondhand Rapture,pop,4,0,0,0,0,,60,6,45239,34182,271921,215957,241313,84177
0,MONEY,The Shadow of Heaven,pop,5,0,0,1,29,,78,,10329,1003,0,621,1247,907
0,Mallory Knox,Signals,pop,5,0,0,0,0,,,,47494,29615,88958,57516,2054,42549
0,Snakadaktal,Sleep in the Water,pop,2,0,0,0,11,,,,3290,2235,58484,41969,12360,2971
0,SOLKs MIO,SOL MIO,pop,0,0,0,0,0,,,,2780,11848,66330,6381,0,6889
0,Isabella Castillo,Sonar no Cuesta Nada,pop,1,0,0,0,0,,,,372816,434170,1135799,8037,0,0
1,Selena Gomez,Stars Dance,pop,2,1,0,5,23,,59,,56567018,136601177,61679197,9404729,82477,15821601
0,Studio Killers,Studio Killers,pop,5,0,0,10,12,,,,16321,3756,77356,77428,17838,336125
0,Svenstrup & Vendelboe,Svenstrup & Vendelboe,pop,7,0,0,0,0,,,,1936,0,56411,66112,2083,4269
0,Echosmith,Talking Dreams,pop,5,0,0,0,66,,,,218481,362778,732574,478789,29406,751531
0,Taylor Henderson,Taylor Henderson,pop,1,0,0,2,0,,,,76563,82,283786,22774,0,38914
0,NMB48,Teppen Tottande!,pop,0,0,0,0,0,,,,0,0,0,1815,0,350054
0,Haiku Salut,Tricolore,pop,0,0,0,0,0,,79,,2285,0,3237,2678,415,33
1,Charli XCX,True Romance,pop,5,0,0,1,4,,76,8.3,3117103,2591853,2730389,1018842,325662,1868045
0,Illion,Ubu,pop,2,0,0,47,0,,,,64579,0,11227,13295,122,49377
0,Union J,Union J,pop,3,4,0,200,43,,,,1416111,321901,1875395,144377,0,425488
0,A Friend in London,Unite,pop,4,4,0,10,55,,,,8620,6773,1980,3643,0,0
0,Youngblood Hawke,Wake Up,pop,2,0,0,0,0,,57,,34838,10353,64068,105914,6817,28272
0,Isac Elliot,Wake Up World,pop,2,0,0,0,0,,,,86833,449440,164168,87572,0,158773
0,St. Lucia,When the Night,pop,0,0,0,2,59,,,,29996,32400,106835,149565,712185,18894
0,Swim Deep,Where the Heaven Are We,pop,4,0,0,1,127,,72,,55946,46012,103704,66743,802246,32416
0,Lucius,Wildewoman,pop,0,0,0,0,0,,69,,22400,42143,70508,93447,6635,18082
0,Wintergatan,Wintergatan,pop,0,0,0,0,0,,,,5690,17287,105009,42251,5647,925044
0,Shane Filan,You and Me,pop,3,0,0,0,14,,,,415522,219365,467949,32092,0,86386
0,5 Seconds of Summer,5 Seconds of Summer,pop,4,8,0,51,711,,65,,12606911,7310498,10296778,2969521,191358,4031726
0,Margaret,Add the Blonde,pop,5,0,0,1,2,,,,0,115250,620223,44947,0,404290
0,Alvvays,Alvvays,pop,3,1,0,1,0,77,78,7.6,27932,62206,95622,144285,13000,38508
0,Andrew McMahon in the Wilderness,Andrew McMahon in the Wilderness,pop,2,0,0,0,0,,78,,76176,96249,325470,98215,8554,31288
0,Anja Nissen,Anja Nissen,pop,4,0,0,0,0,,,,7894,41349,32644,3050,0,4785
0,Jason Lancaster,As You Are,pop,1,0,0,0,48,,,,31078,11215,14461,6275,0,0
0,Babymetal,Babymetal,pop,6,0,0,0,0,,,,334397,6375,906171,302973,0,1101482
0,Banda do Mar,Banda do Mar,pop,0,0,0,31,46,,,,16866,58392,427257,347282,0,205294
0,Magic Man,Before the Waves,pop,0,2,0,4,64,,,,29440,23808,75673,74459,16062,9562
0,In The Valley Below,The Belt,pop,1,1,0,0,12802,,,,22102,20009,58294,32666,4368,889
0,Hamilton Leithauser,Black Hours,pop,0,1,0,0,0,,74,7.4,8345,11715,18117,11677,42,0
0,Lo-Fang,Blue Film,pop,1,0,0,0,0,,64,5.1,9840,7477,0,90772,6655,27431
0,The Preatures,Blue Planet Eyes,pop,0,0,0,0,0,,,,26942,32405,68968,48895,13173,13462
0,Sheppard,Bombs Away,pop,5,0,0,0,3,,,,62808,52755,132650,171761,4403,270806
0,Benny Tipene,Bricks,pop,3,0,0,0,0,,,,15210,17670,62552,6215,719,2152
0,Christine and the Queens,Chaleur humaine,pop,7,0,0,0,2,,,,574847,187779,378872,239646,34481,199496
0,City Harbor,City Harbor,pop,0,0,0,16,4,,,,2132,0,125,11617,0,0
0,The Colourist,The Colourist,pop,2,0,0,1,0,,,,14349,8287,43589,40857,9428,11768
0,Crosses,Crosses,pop,2,5,0,42,42,,,,0,0,0,161,0,0
0,September Girls,Cursing the Sea,pop,0,0,0,0,0,,72,,3204,0,9172,2438,1337,815
0,Beatrice Eli,Die Another Day,pop,2,0,0,0,0,,,,4948,19226,11981,17064,3491,10028
1,Magic!,Don't Kill the Magic,pop,4,1,0,0,69,,,,276076,183193,1038870,786451,6186,2391376
0,Flight Facilities,Down to Earth,pop,6,0,0,1,5,,,,38177,64299,269655,257054,316272,178199
0,Kurt Travis,Everything Is Beautiful,pop,1,0,0,1,9,,,,14692,18859,15246,9139,0,0
0,Fairies,Fairies,pop,7,1,0,6,0,,,,0,0,0,7,0,0
0,Freeman,Freeman,pop,0,0,0,94,29,,79,,0,0,10448,3316,0,0
0,Foxes,Glorious,pop,4,0,0,0,63,,61,,159606,188167,1302871,215950,38450,27230
0,Gnarwolves,Gnarwolves,pop,1,0,0,0,0,,74,,12561,12401,44654,17116,1572,4590
0,Milica Pavlovic,Body Language,pop,8,0,0,0,0,,,,0,0,0,991,0,0
0,The Madden Brothers,Greetings from California,pop,12,0,0,0,14,,63,,37487,107252,175120,18018,0,30452
0,Nothing,Guilty of Everything,pop,1,2,0,12,473,,77,6.9,13266,11940,66972,27466,45020,2678
0,Haerts,Haerts,pop,1,0,0,1,0,,56,,6537,5817,38504,29724,17202,0
0,Leighton Meester,Heartstrings,pop,1,0,0,0,0,,,,1938234,4800554,2005641,63906,0,81799
0,Little Daylight,Hello Memory,pop,1,0,0,0,2,,,,0,0,0,12963,11181,1167
0,Gerard Way,Hesitant Alien,pop,2,0,0,0,0,,75,,1505785,1682239,820587,151558,12450,174087
0,Tim Campbell,High School Disco,pop,0,0,0,3,0,,,,0,0,0,0,0,0
0,Kian Egan,Home,pop,2,0,0,2,1,,,,439231,97036,151539,6066,0,0
0,Max Collins,Honey from the Icebox,pop,1,0,0,0,1,,,,0,0,0,364,0,0
0,Oscar Zia,I Don't Know How to Dance,pop,3,0,0,0,49,,,,23920,167369,37133,15916,0,4019
0,Loftland,I Don't Want to Dance,pop,0,0,0,0,1383,,,,2753,0,0,982,0,0
0,Moose Blood,"I'll Keep You in Mind, from Time to Time",pop,0,0,0,0,316,,,,52151,84994,92507,115848,0,5146
0,Vianney,Idees blanches,pop,5,0,0,0,0,,,,325645,273685,361251,194043,0,285122
0,Nicholas McDonald,In the Arms of an Angel,pop,1,0,0,0,4,,,,325771,193347,254546,5478,0,6044
0,Electric Youth,Innerworld,pop,0,0,0,0,3,,71,,5978,0,51006,40263,25122,0
0,Alex & Sierra,It's About Us,pop,2,0,4,200,180,,,,449686,262054,642345,401936,3903,44
0,Kathryn Bernardo,Kathryn,pop,3,0,0,0,1,,,,8363672,6363861,3203628,69530,0,0
0,Kitten,Kitten,pop,0,0,0,13,2,,59,,15602,12958,33463,16975,5682,9675
0,Justice Crew,Live by the Words,pop,6,0,0,9,448,,,,109337,99211,653253,63807,0,148445
0,Dirty Loops,Loopified,pop,0,0,0,0,6,,,,28263,46072,209644,61274,18875,177122
0,Lea Michele,Louder,pop,2,0,0,0,2,,48,,0,7257,4627611,309513,0,436512
0,Real Friends,Maybe This Place Is the Same and We're Just Changing,pop,3,3,0,1,187,,,,151293,153635,311222,153581,6441,58558
0,McBusted,McBusted,pop,2,1,0,0,0,,,,344965,0,385536,73507,0,65871
0,The Vamps,Meet the Vamps,pop,5,2,0,1,4,,,,4309176,2244010,6033476,1741495,11049,3076330
0,Indila,Mini World,pop,5,0,0,0,37,,,,84376,543,4300817,218942,0,1897732
0,Missing Persons,Missing In Action,pop,1,1,0,1,15,,,,0,0,19064,29575,332,0
0,Clean Bandit,New Eyes,pop,8,0,0,1,21,,59,,369441,431738,967175,976732,244542,5011853
0,MO,No Mythologies to Follow,pop,7,0,0,1,11,,76,,270442,551232,1075547,734211,4935201,861177
0,The Split Squad,Now Hear This...,pop,0,0,0,0,1310,,,,0,0,0,109,0,0
0,The Fooo,Off the Grid,pop,2,0,0,0,10,,,,323,0,77670,65051,0,118297
0,Nina Nesbitt,Peroxide,pop,1,0,0,0,0,,56,,193779,189968,297265,113443,16027,252874
0,Karmin,Pulses,pop,2,0,0,1,0,,,,270226,221,0,423671,41270,57412
1,Tove Lo,Queen of the Clouds,pop,4,0,0,0,15,,73,7.2,387459,1432405,1398288,1395682,172244,2368312
1,Skrillex,Recess,pop,4,0,0,7,116,,59,5.7,6720606,8192228,20080555,6046444,6414542,17407485
0,Tomomi Itano,SxWxAxG,pop,5,0,0,0,0,,,,2161429,546024,0,2621,0,204
0,Anette Olzon,Shine,pop,2,0,0,0,0,,,,3960,25430,42769,6279,0,1370
0,Shiori Niiyama,Shiori,pop,4,0,0,0,0,,,,0,0,0,0,0,0
0,Collabro,Stars,pop,0,0,2,0,1417,,,,70274,25421,0,28144,0,43873
0,Chrissie Hynde,Stockholm,pop,3,0,0,0,0,,64,5.8,29138,8522,144116,8984,550,820
1,Bleachers,Strange Desire,pop,4,0,0,0,2,,68,,77036,92767,125037,224475,12444,83768
0,Dan Croll,Sweet Disarray,pop,4,0,0,0,0,,59,,24724,21682,75366,87232,25968,26376
0,Sylvan Esso,Sylvan Esso,pop,4,0,0,18,4,,77,6.2,31228,69455,118597,274080,60550,13593
0,Betty Who,Take Me When You Go,pop,3,1,0,10,1533,,,,53474,153,77887,118652,14076,0
0,Chumped,Teenage Retirement,pop,0,0,0,0,1,,,7.3,2876,2430,6951,5589,425,798
0,Lena Katina,This Is Who I Am,pop,4,0,0,0,654,,,,45247,104205,160482,11602,1907,60886
0,East India Youth,Total Strife Forever,pop,0,0,0,0,0,,81,,739,0,0,11042,4608,2604
0,JTR,Touchdown,pop,1,0,0,0,41,,,,493,0,0,7320,216,2050
0,Kim Cesarion,Undressed,pop,3,0,0,0,0,,,,6907,17407,40093,36536,2993,57112
0,Madeline Juno,The Unknown,pop,2,0,0,0,0,,,,6625,22413,36687,23462,167,62656
0,Ben Aqua,Virtual Anticipation,pop,0,0,0,0,0,,,,0,0,0,271,7020,0
0,NONONO,We Are Only What We Feel,pop,4,0,0,0,1400,,,5.8,7368,0,48112,48045,15986,41041
0,PVRIS,White Noise,pop,2,0,0,0,31,,88,,174056,387643,248375,341248,24327,46370
0,Neck Deep,Wishful Thinking,pop,3,1,0,0,2,,71,,0,315309,353959,301871,0,83294
0,Noosa,Wonderland,pop,0,0,0,0,37,,,,2182,40072,235229,15123,9005,0
0,Porter Robinson,Worlds,pop,4,2,0,0,6,,63,6.9,640205,515178,881459,543171,4201931,546703
0,Grant Nicholas,Yorktown Heights,pop,0,0,0,0,0,,,,5549,2601,12946,1864,367,0
0,Mike Score,Zeebratta,pop,2,0,0,0,12,,,,0,0,0,0,0,0
0,Amber Run,5am,pop,0,0,0,2,23,,,,0,0,0,0,13039,238954
1,Madeon,Adventure,pop,5,0,0,0,49,,,7.8,621258,176964,805038,375635,1426530,679345
0,Chiquis Rivera,Ahora,pop,5,0,0,0,1,,,,592567,2238106,3349073,51055,0,160765
0,Steve Grand,All American Boy,pop,4,1,0,16,6,,,,57460,242580,275526,16880,851,188795
1,Halsey,Badlands,pop,4,0,1,0,66,,,4.9,9604141,7223525,2117692,3023390,94254,3415231
0,Miss Fame,Beauty Marked,pop,3,3,0,0,2,,,,161036,946582,199082,12678,0,506070
1,SOAK,Before We Forgot How to Dream,pop,0,0,0,0,121,,75,6.3,18557,0,43081,43971,8728,14339
1,Ben Haenow,Ben Haenow,pop,2,0,0,0,0,,,,0,324941,418269,58896,0,94090
0,Dear Rouge,Black To Gold,pop,4,0,0,0,1,,,,8613,10213,10025,8724,2110,0
0,BiSH,Brand-new idol SHiT,pop,0,0,0,0,1,,,,86170,0,4868,18859,4555,0
0,Louane,Chambre 12,pop,6,0,0,0,0,,,,1052520,1015130,654682,457501,0,905370
0,Years & Years,Communion,pop,8,1,176,200,7332,,68,7.4,617191,535713,860218,773611,162919,1262465
0,Conchita Wurst,Conchita,pop,4,0,0,0,0,,,,169477,312935,876406,30105,0,83021
0,Melanie Martinez,Cry Baby,pop,4,0,0,1,2,,,,1109436,5093067,1984670,2695465,250251,6265595
0,Zoe,Debut,pop,4,1,0,37,4062,,,,4556941,300616,3846368,1776753,0,64030
0,Borns,Dopamine,pop,5,0,0,0,10,,,,297455,303893,177289,494577,35707,360
0,Fantine Tho,Only Human,pop,0,0,0,0,0,,,,0,0,0,534,0,0
0,Alvaro Soler,Eterno agosto,pop,5,0,0,0,0,,,,71600,946097,415887,278997,62,1789495
0,Deradoorian,The Expanding Flower Planet,pop,0,0,0,0,0,,78,8,3938,8803,8878,5527,3241,0
0,Sabrina Carpenter,Eyes Wide Open,pop,4,0,0,0,0,,,,1244816,14350715,4592992,1801237,0,3048528
0,Michelle Chamuel,Face the Fire,pop,3,0,0,0,1,,,,88583,21788,120916,5688,754,5122
0,FFS,FFS,pop,3,0,0,200,0,,78,7.1,6216,3775,28492,16893,0,9558
0,Markus Feehily,Fire,pop,4,0,0,0,0,,,,283916,69697,92419,6023,696,16469
0,The Gray Havens,Fire and Stone,pop,0,0,0,0,52,,,,2512,4570,8984,17136,0,4698
0,Juice=Juice,First Squeeze!,pop,7,0,0,0,130,,,,0,0,0,0,0,0
0,Kelsea Ballerini,The First Time,pop,4,2,0,1,4,,,,877326,1196863,370905,360975,0,294065
0,Ryn Weaver,The Fool,pop,2,0,0,0,2,,65,4.9,48152,80223,56731,131923,37510,49502
0,Mbongwana Star,From Kinshasa,pop,0,0,0,0,1,,88,,899,0,10366,9814,0,161508
0,Tobias Jesso Jr.,Goon,pop,2,0,0,0,1,,81,8.5,12816,19307,35708,41971,2136,12842
0,Nate Ruess,Grand Romantic,pop,5,0,0,1,0,,61,5.5,18148,67992,261771,122875,3814,81029
0,Kate Pierson,Guitars and Microphones,pop,0,0,0,0,0,,63,6.4,9503,9531,54853,1825,0,1134
0,Marie Ueda,Hanashi wa Sorekara da,pop,2,0,0,0,0,,,,0,0,0,0,0,0
1,Shawn Mendes,Handwritten,pop,4,1,0,0,30,,58,,18846865,30455399,7084396,8501640,212082,13570488
0,Marcus & Martinus,Hei,pop,8,0,1,200,60,,,,42588,1496812,190000,337062,0,1882005
0,HomeTown,HomeTown,pop,4,4,0,200,994,,,,60119,0,10363,15523,0,0
0,Joywave,How Do You Feel Now?,pop,4,0,0,1,1837,,,,22278,24393,52421,96922,16648,26380
0,Jess Glynne,I Cry When I Laugh,pop,6,0,0,1,6,,53,,360637,530402,615264,773578,70665,776925
0,Jamie Lawson,Jamie Lawson,pop,5,0,0,2,0,,,,57032,75571,74607,87930,1521,51915
0,Andrea Faustini,Kelly,pop,0,0,0,0,0,,,,212639,87435,137821,20053,0,6531
0,Zella Day,Kicker,pop,3,0,0,0,1,,,,49681,134831,87857,228169,44561,144043
0,Garnidelia,Linkage Ring,pop,4,0,0,0,0,,,,35970,13091,72872,50829,1647,207226
0,Annaleigh Ashford,Lost in the Stars: Live at 54 Below,pop,1,0,0,0,0,,,,0,0,0,682,0,0
0,Elle King,Love Stuff,pop,3,0,0,115,56,,,,67958,161395,183973,262260,12259,306743
0,Smallpools,Lovetap,pop,0,0,0,0,0,,,,38853,35096,132256,132275,26476,52798
0,Morissette Amon,Morissette,pop,2,0,0,2,0,,,,175169,393577,201564,446678,1169,0
0,Natalie Prass,Natalie Prass,pop,1,0,0,0,1,,86,8.3,12167,17346,21990,22749,2681,3040
0,As It Is,"Never Happy, Ever After",pop,3,17,0,200,2477,,,,96322,120700,121975,79360,0,87518
0,Josef Salvat,Night Swim,pop,0,0,0,0,0,,,,23908,13513,58359,61472,21920,55857
0,Indiana,No Romeo,pop,6,1,0,0,75,,61,,11276,0,28964,17818,13242,21525
0,Bea Miller,Not an Apology,pop,2,0,0,0,2,,,,869414,1573368,1338712,609875,35685,1155575
0,Oh Wonder,Oh Wonder,pop,15,3,0,200,34,,,,181556,202257,259056,641864,191793,555932
0,MisterWives,Our Own House,pop,2,0,0,1,112,,,,50505,79367,95625,283322,28646,116305
0,Ginny Blackmore,Over the Moon,pop,5,0,0,0,0,,,,10436,8502,0,8828,1936,54
0,No Devotion,Permanence,pop,4,2,0,0,5,,79,,6949,4380,14528,6584,0,0
0,Galantis,Pharmacy,pop,6,0,0,1,40,,,,259470,927096,1295018,1838308,438583,2545078
0,Will Butler,Policy,pop,0,0,0,1,64,,72,6.6,29291,0,21325,16654,1346,0
0,Sophie,Product,pop,8,0,0,13,437,,,,19957,0,39736,41059,75334,41
0,Lyca Gairanod,Puede Nang Mangarap,pop,2,0,0,0,0,,,,9673,1026,0,10220,0,0
0,Real Lies,Real Life,pop,3,4,0,200,1190,,67,,3872,2756,9520,6992,5035,2787
0,Revolution Saints,Revolution Saints,pop,4,0,0,2,0,,,,9402,0,20536,7170,8,347
0,Ann Sophie,Silver Into Gold,pop,2,0,0,2,0,,,,0,18186,21887,3261,0,2812
0,The Wainwright Sisters,Songs in the Dark,pop,0,0,0,0,245,,73,,11084,0,0,1498,0,0
0,Sophia Abrahao,Sophia Abrahio,pop,1,0,0,0,0,,,,2672233,4466311,4412250,82600,0,229666
0,Meg Myers,Sorry,pop,0,0,0,1,0,,,,25691,36409,73903,84711,15654,0
0,Cheerleader,The Sunshine of Your Youth,pop,0,0,0,0,212,,,,4522,2012,6572,27154,2988,910
0,Swiss Lips,Swiss Lips,pop,0,0,0,2,0,,,,8319,138,44397,3844,4527,4322
0,Emily Kinney,This Is War,pop,2,0,0,1,0,,,,1003432,1869006,1095485,38122,0,106798
0,Mikky Ekko,Time,pop,2,0,0,2,2,,59,4.3,42102,26490,154630,102872,1975355,84005
0,Tom DeLonge,"To the Stars... Demos, Odds and Ends",pop,2,0,0,0,0,,,,716366,550418,601309,16453,0,35785
0,Nogizaka46,Tomei na Iro,pop,10,0,0,0,0,,,,1369715,0,23620,120218,0,15514
0,Rae Morris,Unguarded,pop,7,0,0,0,0,,77,,36037,70873,15097,44708,18074,36784
0,X Ambassadors,VHS,pop,4,0,0,0,26,,,,105053,114605,248240,922114,11830,691020
0,Emile Haynie,We Fall,pop,1,0,0,0,4,,70,,20724,30995,0,9897,3586,0
0,Ykiki Beat,When the World is Wide,pop,2,0,0,0,341,,,,13067,0,8218,4235,0,14659
0,Alexander Armstrong,A Year of Songs,pop,0,0,0,0,2182,,,,399608,0,9385,2067,0,0
0,Sarsa,Zapomnij mi,pop,4,0,0,0,0,,,,2361,121913,17422,18945,0,219772
0,Anavitoria,Anavitiria,pop,0,0,0,0,0,,,,60080,1529,887980,2180599,0,1196782
0,Blossoms,Blossoms,pop,8,0,0,12,8,,71,,83828,93336,99140,109522,4571,8471
0,Kero Kero Bonito,Bonito Generation,pop,6,0,0,0,0,,80,,22531,32713,39081,71208,51409,150010
0,Caper Clowns,The Buca Bus,pop,0,0,0,0,0,,,,0,0,0,117,0,0
0,Zach Williams,Chain Breaker,pop,3,0,0,2,2,,,,5032,34867,62104,31819,629,20232
0,Bradley Walsh,Chasing Dreams,pop,0,0,0,0,0,,,,125944,0,8196,1962,0,808
0,Client Liaison,Diplomatic Immunity,pop,4,0,0,0,0,,,,3504,35511,40228,22190,10866,6369
0,The Lemon Twigs,Do Hollywood,pop,2,0,0,0,0,,,,0,0,0,0,0,0
0,The Mute Gods,Do Nothing till You Hear from Me,pop,0,0,0,0,3,,,,748,0,5878,2309,0,55
0,Wet,Don't You,pop,0,5,0,37,3526,,61,4,33009,26765,57217,157679,45435,103209
0,Curt Anderson,Every Moment,pop,0,0,0,1,14,,,,0,0,0,651,0,0
0,Francis and the Lights,"Farewell, Starlite!",pop,2,0,0,0,25,,,6.4,25670,0,0,73726,24691,45245
0,Jessica Sutta,Feline Resurrection,pop,5,0,0,0,0,,,,0,0,0,0,0,0
0,Consumed by Fire,Giving Over,pop,0,1,0,0,46,,,,12920,0,7955,7112,43,11
0,Maren Morris,Hero,pop,4,0,1,1,10,,,,503367,617434,226514,181937,1952,126221
0,DMA's,Hills End,pop,6,0,0,0,40,,71,,0,0,0,0,0,0
1,Anohni,Hopelessness,pop,2,0,0,0,5,,83,,4670,40790,285741,64157,1736,4688
0,Mako,Hourglass,pop,4,0,0,0,6,,,,23359,0,200195,64280,85851,0
0,Nick Fradiani,Hurricane,pop,2,0,0,0,1,,,,88012,97401,138433,9227,0,9510
0,Against The Current,In Our Bones,pop,4,0,0,4,545,,,,208391,247340,657634,225826,4449,1874988
0,Safia,Internal,pop,4,0,0,0,81,,,,8033,23948,78559,70218,35527,18918
0,Alex Cameron,Jumping the Shark,pop,0,0,0,0,0,,76,7.8,7489,26851,23668,24746,2172,0
0,I Prevail,Lifelines,pop,4,0,0,0,15,,,,67099,175420,1307334,289457,10855,338126
0,Whitney,Light Upon the Lake,pop,3,0,0,0,0,,83,8.3,26437,0,59574,96941,0,1344797
0,All Tvvins,llVV,pop,5,0,0,0,0,,,,6440,5903,17225,16070,2081,7735
0,CRX,New Skin,pop,2,0,0,0,137,,69,,6245,11770,10920,15593,0,859
1,Charlie Puth,Nine Track Mind,pop,3,0,1,0,0,,37,2.5,2383032,9705806,5025300,4402708,193997,11045382
1,Shura,Nothing's Real,pop,8,0,1,0,2,,79,,39434,42017,125695,93117,59140,76668
0,CNCO,Primera Cita,pop,0,3,0,1,2,,,,746473,2346030,3347642,3241603,0,6745656
0,Japanese Breakfast,Psychopomp,pop,0,0,0,0,0,,76,7.9,26057,36581,33385,74607,160,22662
0,Sayaka Yamamoto,Rainbow,pop,0,0,0,0,0,,,,0,0,0,0,0,0
0,Nina Kraljic,Samo,pop,4,0,0,0,0,,,,4038,12759,30902,1132,0,313
0,Andy Black,The Shadow Side,pop,1,0,0,5,14,,83,,1018863,2345657,1131282,220577,0,688091
0,Jordan Smith,Something Beautiful,pop,1,0,0,2,12,,,,97510,154284,206659,44325,0,0
0,Nicky Byrne,Sunlight,pop,2,0,0,0,0,,,,436138,0,149656,4296,0,0
0,TINI,TINI (Martina Stoessel),pop,4,0,0,0,0,,,,1745434,5013450,3779031,169528,1832,924224
0,Cimorelli,Up at Night,pop,0,0,0,0,2179,,,,561273,624640,2322549,158644,0,4158860
0,Virginia to Vegas,Utopian,pop,4,0,0,0,16,,,,7801,10043,6780,13814,440,10434
0,Viola Beach,Viola Beach,pop,2,0,0,11,1,,74,,13704,9181,57702,54778,0,0
0,We Are Messengers,We Are Messengers,pop,0,0,0,8,5272,,,,6295,29564,49381,32903,0,57069
0,Pearl City Worship,We Won't Be Silent,pop,0,0,0,0,2,,,,0,0,0,56,0,0
0,Urban Rescue,Wild Heart,pop,0,0,0,0,0,,,,3656,13773,18547,27217,0,39150
0,Rachel Platten,Wildfire,pop,3,0,0,0,3,,52,,148980,487935,302190,605786,14853,1192122
0,Alfie Arcuri,Zenith,pop,1,0,0,0,0,,,,3799,60107,19856,2781,0,7019
0,Liam Gallagher,As You Were,pop,5,0,0,0,5,66,71,4.9,2971214,567446,303598,232244,0,133087
0,Alexandra Savior,Belladonna of Sadness,pop,5,0,0,0,0,,66,6,5847,20945,18473,26513,1431,12373
1,Cigarettes After Sex,Cigarettes After Sex,pop,4,0,0,4,317,73,75,7.4,68131,120579,478410,507304,64239,316776
0,Allie X,CollXtion II,pop,3,0,0,0,0,70,,,51879,65165,58956,112366,15411,118341
0,Judah Kelly,Count On Me,pop,2,0,0,0,1,,,,0,0,0,1827,0,376
1,Austin Mahone,Dirty Work,pop,3,0,0,0,3,0,,,10321126,10254479,12719788,1193093,106686,4160904
0,GJan,Do It,pop,3,0,0,2,5468,60,,,2101,387,111485,7579,2823,81828
1,Dua Lipa,Dua Lipa,pop,8,10,0,11,18,72,72,,1944313,9736819,2168334,3151924,85671,6076572
0,Can't Swim,Fail You Again,pop,0,0,0,0,5,,78,,5211,9360,16288,15982,0,0
0,Beth Ditto,Fake Sugar,pop,0,0,0,0,0,73,74,6.1,16526,124375,450010,47530,2815,27250
0,Niall Horan,Flicker,pop,4,2,0,0,7,60,64,,40191003,20590076,10321702,1814151,0,2453468
0,Superfruit,Future Friends,pop,0,0,0,0,276,69,,,413719,665414,482933,70179,0,2555483
0,Gizmodrome,Gizmodrome,pop,0,0,0,0,0,,,,793,0,18155,3448,58,0
0,TC&I,Great Aspirations,pop,0,0,1,200,68,,,,0,0,0,0,0,0
0,Charly Bliss,Guppy,pop,4,0,0,0,0,82,87,7.8,4991,7568,12413,14275,539,3504
1,Harry Styles,Harry Styles,pop,3,10,0,24,20,65,68,6.8,32348919,23636074,14840360,2292686,0,3399101
0,Wincent Weiss,Irgendwas gegen die Stille,pop,3,0,0,0,0,,,,12993,275438,134539,191832,1219,0
0,Grace VanderWaal,Just the Beginning,pop,2,1,0,0,7,65,,,311576,2660289,1039742,719042,19477,2653554
1,LANY,LANY,pop,6,0,2,22,0,68,66,,248133,355372,340390,572919,48443,338329
0,Kacy Hill,Like a Woman,pop,4,0,0,0,14,66,,,18808,73646,14806,39683,11429,16595
0,Sofia Reyes,Louder!,pop,4,0,0,0,1,,,,115898,568751,641148,200461,0,737129
0,Meg Mac,Low Blows,pop,2,0,0,1,1,68,,,9178,44250,51669,61925,10418,9392
1,the Chainsmokers,Memories...Do Not Open,pop,3,2,1,0,315,,,,3413328,5759232,8626519,6663594,1018428,14572408
0,Sayuri,Mikazuki no Koukai,pop,5,0,0,0,0,,,,0,510433,0,44338,309,705335
0,Joe Scarborough,Mystified,pop,0,0,0,0,2,,,,0,0,0,0,0,0
0,Mito Natsume,Natsumelo,pop,4,0,0,0,0,,,,0,0,0,1093,5,0
0,Sheer Mag,Need To Feel Your Love,pop,3,0,0,15,190,,,,0,0,16740,14114,3084,0
0,Poppy,Poppy.Computer,pop,7,0,0,0,20,60,,,192532,0,292838,78488,0,0
0,Lindsay Ell,The Project,pop,2,0,0,6,1,0,,,101278,209506,113136,13374,158,35358
0,Vancouver Sleep Clinic,Revival,pop,4,0,0,0,0,,,,12181,13816,56338,100176,42307,84825
0,Exit Eden,Rhapsodies in Black,pop,0,0,0,0,0,,,,859,6933,20332,10810,0,5420
0,Shekhinah,Rose Gold,pop,2,0,0,0,59,,,,95075,104059,62276,28261,1431,0
0,Sheridan Smith,Sheridan,pop,3,0,0,2,0,,,,685,208576,18330,4030,0,0
0,Aquilo,Silhouettes,pop,4,0,0,0,444,,,,94,26712,59940,135781,32523,85153
0,Caitlyn Shadbolt,Songs on My Sleeve,pop,0,0,0,0,11,,,,7237,33947,33964,4485,0,1736
0,Luke Combs,This One's for You,pop,3,1,0,0,160,70,,,115436,1208,624521,305189,0,401967
0,Allison Crutchfield,Tourist In This Town,pop,0,0,0,0,2,,,,8021,0,2787,4688,0,0
0,Matt Terry,Trouble,pop,1,0,0,3,9,58,,,135245,142,157172,71741,0,63973
0,Slotface,Try Not to Freak Out,pop,0,0,0,0,631,,,,2655,7679,18333,12783,1747,16133
0,Levina,Unexpected,pop,1,0,0,0,211,,,,4377,15168,12886,2196,90,993
0,Pabllo Vittar,Vai Passar Mal,pop,6,0,0,0,0,,,,708222,6936781,1868433,1594397,6800,4488742
0,Una Healy,The Waiting Game,pop,2,0,0,0,0,,,,758778,562212,243931,4456,0,410
0,Russell Dickerson,Yours,pop,2,0,0,0,3,,,,28388,107900,46277,84883,0,0
1,Camila Cabello,Camila,pop,2,13,4,13,52,70,75,6.8,6849996,19073435,2309130,3492562,32204,7250453
0,Devin Dawson,Dark Horse,pop,0,0,0,0,0,0,,,11755,46889,50673,34619,2990,33754
0,Dita Von Teese,Dita Von Teese,pop,1,0,0,7,0,57,,,1998151,2185161,2383772,3763,0,0
1,Bebe Rexha,Expectations,pop,1,2,0,1,20,,,,1101073,4636400,2268275,1716996,86907,3691198
0,Hayley Kiyoko,Expectations,pop,3,1,1,0,0,76,68,6,453582,957774,514425,494650,22541,138011
0,Lo Moon,Lo Moon,pop,0,0,0,200,9,71,73,5,3708,7855,10703,15130,1043,14066
0,Calum Scott,Only Human,pop,3,2,0,0,9,76,,,600,286554,355355,329507,21954,1728617
0,Angie,Suicidal Since 1995,pop,2,0,0,0,0,76,,,1913,23837,9187,16544,756,743
0,Superorganism,Superorganism,pop,6,2,0,0,0,72,73,,11571,27192,27615,60983,6295,43228
0,The Academic,Tales from the Backseat,pop,4,1,0,0,213,67,,,19974,27428,60138,37009,2341,22642